Workbook

Sheet Scores
B1: Code Golf International | C1: rucin93 | D1: ox jam | E1: open source | F1: jailctf merger | G1: Rafael Pooja | H1: HETHAT | I1: duckyluuk | J1: import itertools | K1: ALE-Agent | L1: JRKKX | M1: intgrah jimboko awu macaque sammyuri | N1: mji | O1: cefqrn | P1: hyacinth | Q1: cg | R1: Team JYCDT | S1: Bulmenisaurus | T1: dbdr | U1: KN | V1: kabutack | W1: biz | X1: scpchicken | Y1: el_presidente | Z1: ﾀｲｽｹﾝｻﾝﾊﾞII | AA1: garrymoss | AB1: azakhtyamov | AC1: Ali | AD1: blob2822 | AE1: kdmitrie | AF1: MKRC | AG1: Afordancja | AH1: Yuchen20 | AI1: cg-klogw-sekken | AJ1: sekken | AK1: cubbus | AL1: Ty Woods | AM1: Ravi Annaswamy | AN1: today | AO1: LogicLynx | AP1: kambarakun | AQ1: ShadowPrompt Labs | AS1: THUNDER THUNDER | AT1: Krige | AU1: HIMAGINE THE FUTURE. | AV1: FuunAgent | AW1: lv1.dev | AX1: santa2024 | AY1: The Ultimate Golfer
A2: SCORE | B2: {=LET( result, SUM(IF(ISNUMBER(B12:B411), IF((2500 - B12:B411) > 1, 2500 - B12:B411, 1), 0)), IF(result = 0, "", result) )} -> 962070 | C2: {=LET( result, SUM(IF(ISNUMBER(C12:C411), IF((2500 - C12:C411) > 1, 2500 - C12:C411, 1), 0)), IF(result = 0, "", result) )} -> 913684 | D2: {=LET( result, SUM(IF(ISNUMBER(D12:D411), IF((2500 - D12:D411) > 1, 2500 - D12:D411, 1), 0)), IF(result = 0, "", result) )} -> 961784 | E2: {=LET( result, SUM(IF(ISNUMBER(E12:E411), IF((2500 - E12:E411) > 1, 2500 - E12:E411, 1), 0)), IF(result = 0, "", result) )} -> 913549 | F2: {=LET( result, SUM(IF(ISNUMBER(F12:F411), IF((2500 - F12:F411) > 1, 2500 - F12:F411, 1), 0)), IF(result = 0, "", result) )} -> 961805 | G2: {=LET( result, SUM(IF(ISNUMBER(G12:G411), IF((2500 - G12:G411) > 1, 2500 - G12:G411, 1), 0)), IF(result = 0, "", result) )} -> 906884 | H2: {=LET( result, SUM(IF(ISNUMBER(H12:H411), IF((2500 - H12:H411) > 1, 2500 - H12:H411, 1), 0)), IF(result = 0, "", result) )} -> 370321 | I2: {=LET( result, SUM(IF(ISNUMBER(I12:I411), IF((2500 - I12:I411) > 1, 2500 - I12:I411, 1), 0)), IF(result = 0, "", result) )} -> 431944 | ... AQ2: {=LET( result, SUM(IF(ISNUMBER(AQ12:AQ411), IF((2500 - AQ12:AQ411) > 1, 2500 - AQ12:AQ411, 1), 0)), IF(result = 0, "", result) )} -> 944204 | AR2: {=LET( result, SUM(IF(ISNUMBER(AR13:AR411), IF((2500 - AR13:AR411) > 1, 2500 - AR13:AR411, 1), 0)), IF(result = 0, "", result) )} | AS2: {=LET( result, SUM(IF(ISNUMBER(AS12:AS411), IF((2500 - AS12:AS411) > 1, 2500 - AS12:AS411, 1), 0)), IF(result = 0, "", result) )} -> 951260 | AT2: {=LET( result, SUM(IF(ISNUMBER(AT12:AT411), IF((2500 - AT12:AT411) > 1, 2500 - AT12:AT411, 1), 0)), IF(result = 0, "", result) )} -> 925835 | AU2: {=LET( result, SUM(IF(ISNUMBER(AU12:AU411), IF((2500 - AU12:AU411) > 1, 2500 - AU12:AU411, 1), 0)), IF(result = 0, "", result) )} -> 957568 | AV2: {=LET( result, SUM(IF(ISNUMBER(AV12:AV411), IF((2500 - AV12:AV411) > 1, 2500 - AV12:AV411, 1), 0)), IF(result = 0, "", result) )} -> 957810 | AW2: {=LET( result, SUM(IF(ISNUMBER(AW12:AW411), IF((2500 - AW12:AW411) > 1, 2500 - AW12:AW411, 1), 0)), IF(result = 0, "", result) )} -> 956458 | AX2: {=LET( result, SUM(IF(ISNUMBER(AX12:AX411), IF((2500 - AX12:AX411) > 1, 2500 - AX12:AX411, 1), 0)), IF(result = 0, "", result) )} -> 954246 | AY2: {=LET( result, SUM(IF(ISNUMBER(AY12:AY411), IF((2500 - AY12:AY411) > 1, 2500 - AY12:AY411, 1), 0)), IF(result = 0, "", result) )} -> 963477 | AZ2: {=LET( result, SUM(IF(ISNUMBER(AZ12:AZ411), IF((2500 - AZ12:AZ411) > 1, 2500 - AZ12:AZ411, 1), 0)), IF(result = 0, "", result) )} | ... BC2: {=LET( result, SUM(IF(ISNUMBER(BC12:BC411), IF((2500 - BC12:BC411) > 1, 2500 - BC12:BC411, 1), 0)), IF(result = 0, "", result) )}
A3: MEDALS | B3: =IF(COUNT(B12:B411)=0, "", concatenate("💎",sumproduct(B12:B411=Compilation!$E9:$E408)," 🥇",sumproduct(B12:B411=Compilation!$F9:$F408)," 🥈",sumproduct(B12:B411=Compilation!$G9:$G408)," 🥉",sumproduct(B12:B411=Compilation!$H9:$H408))) -> 💎83 🥇231 🥈82 🥉52 | C3: =IF(COUNT(C12:C411)=0, "", concatenate("💎",sumproduct(C12:C411=Compilation!$E9:$E408)," 🥇",sumproduct(C12:C411=Compilation!$F9:$F408)," 🥈",sumproduct(C12:C411=Compilation!$G9:$G408)," 🥉",sumproduct(C12:C411=Compilation!$H9:$H408))) -> 💎0 🥇18 🥈0 🥉0 | D3: =IF(COUNT(D12:D411)=0, "", concatenate("💎",sumproduct(D12:D411=Compilation!$E9:$E408)," 🥇",sumproduct(D12:D411=Compilation!$F9:$F408)," 🥈",sumproduct(D12:D411=Compilation!$G9:$G408)," 🥉",sumproduct(D12:D411=Compilation!$H9:$H408))) -> 💎71 🥇197 🥈83 🥉52 | E3: =IF(COUNT(E12:E411)=0, "", concatenate("💎",sumproduct(E12:E411=Compilation!$E9:$E408)," 🥇",sumproduct(E12:E411=Compilation!$F9:$F408)," 🥈",sumproduct(E12:E411=Compilation!$G9:$G408)," 🥉",sumproduct(E12:E411=Compilation!$H9:$H408))) -> 💎0 🥇18 🥈0 🥉0 | F3: =IF(COUNT(F12:F411)=0, "", concatenate("💎",sumproduct(F12:F411=Compilation!$E9:$E408)," 🥇",sumproduct(F12:F411=Compilation!$F9:$F408)," 🥈",sumproduct(F12:F411=Compilation!$G9:$G408)," 🥉",sumproduct(F12:F411=Compilation!$H9:$H408))) -> 💎55 🥇193 🥈99 🥉67 | G3: =IF(COUNT(G12:G411)=0, "", concatenate("💎",sumproduct(G12:G411=Compilation!$E9:$E408)," 🥇",sumproduct(G12:G411=Compilation!$F9:$F408)," 🥈",sumproduct(G12:G411=Compilation!$G9:$G408)," 🥉",sumproduct(G12:G411=Compilation!$H9:$H408))) -> 💎0 🥇27 🥈3 🥉0 | H3: =IF(COUNT(H12:H411)=0, "", concatenate("💎",sumproduct(H12:H411=Compilation!$E9:$E408)," 🥇",sumproduct(H12:H411=Compilation!$F9:$F408)," 🥈",sumproduct(H12:H411=Compilation!$G9:$G408)," 🥉",sumproduct(H12:H411=Compilation!$H9:$H408))) -> 💎0 🥇37 🥈4 🥉1 | I3: =IF(COUNT(I12:I411)=0, "", concatenate("💎",sumproduct(I12:I411=Compilation!$E9:$E408)," 🥇",sumproduct(I12:I411=Compilation!$F9:$F408)," 🥈",sumproduct(I12:I411=Compilation!$G9:$G408)," 🥉",sumproduct(I12:I411=Compilation!$H9:$H408))) -> 💎0 🥇24 🥈5 🥉0 | ... AQ3: =IF(COUNT(AQ12:AQ411)=0, "", concatenate("💎",sumproduct(AQ12:AQ411=Compilation!$E9:$E408)," 🥇",sumproduct(AQ12:AQ411=Compilation!$F9:$F408)," 🥈",sumproduct(AQ12:AQ411=Compilation!$G9:$G408)," 🥉",sumproduct(AQ12:AQ411=Compilation!$H9:$H408))) -> 💎0 🥇36 🥈4 🥉0 | AR3: =IF(COUNT(AR13:AR411)=0, "", concatenate("💎",sumproduct(AR13:AR411=Compilation!$E9:$E408)," 🥇",sumproduct(AR13:AR411=Compilation!$F9:$F408)," 🥈",sumproduct(AR13:AR411=Compilation!$G9:$G408)," 🥉",sumproduct(AR13:AR411=Compilation!$H9:$H408))) | AS3: =IF(COUNT(AS12:AS411)=0, "", concatenate("💎",sumproduct(AS12:AS411=Compilation!$E9:$E408)," 🥇",sumproduct(AS12:AS411=Compilation!$F9:$F408)," 🥈",sumproduct(AS12:AS411=Compilation!$G9:$G408)," 🥉",sumproduct(AS12:AS411=Compilation!$H9:$H408))) -> 💎0 🥇34 🥈5 🥉0 | AT3: =IF(COUNT(AT12:AT411)=0, "", concatenate("💎",sumproduct(AT12:AT411=Compilation!$E9:$E408)," 🥇",sumproduct(AT12:AT411=Compilation!$F9:$F408)," 🥈",sumproduct(AT12:AT411=Compilation!$G9:$G408)," 🥉",sumproduct(AT12:AT411=Compilation!$H9:$H408))) -> 💎0 🥇18 🥈0 🥉0 | AU3: =IF(COUNT(AU12:AU411)=0, "", concatenate("💎",sumproduct(AU12:AU411=Compilation!$E9:$E408)," 🥇",sumproduct(AU12:AU411=Compilation!$F9:$F408)," 🥈",sumproduct(AU12:AU411=Compilation!$G9:$G408)," 🥉",sumproduct(AU12:AU411=Compilation!$H9:$H408))) -> 💎0 🥇58 🥈15 🥉10 | AV3: =IF(COUNT(AV12:AV411)=0, "", concatenate("💎",sumproduct(AV12:AV411=Compilation!$E9:$E408)," 🥇",sumproduct(AV12:AV411=Compilation!$F9:$F408)," 🥈",sumproduct(AV12:AV411=Compilation!$G9:$G408)," 🥉",sumproduct(AV12:AV411=Compilation!$H9:$H408))) -> 💎3 🥇76 🥈23 🥉13 | AW3: =IF(COUNT(AW12:AW411)=0, "", concatenate("💎",sumproduct(AW12:AW411=Compilation!$E9:$E408)," 🥇",sumproduct(AW12:AW411=Compilation!$F9:$F408)," 🥈",sumproduct(AW12:AW411=Compilation!$G9:$G408)," 🥉",sumproduct(AW12:AW411=Compilation!$H9:$H408))) -> 💎3 🥇96 🥈26 🥉13 | AX3: =IF(COUNT(AX12:AX411)=0, "", concatenate("💎",sumproduct(AX12:AX411=Compilation!$E9:$E408)," 🥇",sumproduct(AX12:AX411=Compilation!$F9:$F408)," 🥈",sumproduct(AX12:AX411=Compilation!$G9:$G408)," 🥉",sumproduct(AX12:AX411=Compilation!$H9:$H408))) -> 💎0 🥇53 🥈9 🥉5 | AY3: =IF(COUNT(AY12:AY411)=0, "", concatenate("💎",sumproduct(AY12:AY411=Compilation!$E9:$E408)," 🥇",sumproduct(AY12:AY411=Compilation!$F9:$F408)," 🥈",sumproduct(AY12:AY411=Compilation!$G9:$G408)," 🥉",sumproduct(AY12:AY411=Compilation!$H9:$H408))) -> 💎186 🥇340 🥈0 🥉0 | AZ3: =IF(COUNT(AZ12:AZ411)=0, "", concatenate("💎",sumproduct(AZ12:AZ411=Compilation!$E9:$E408)," 🥇",sumproduct(AZ12:AZ411=Compilation!$F9:$F408)," 🥈",sumproduct(AZ12:AZ411=Compilation!$G9:$G408)," 🥉",sumproduct(AZ12:AZ411=Compilation!$H9:$H408))) | ... BC3: =IF(COUNT(BC12:BC411)=0, "", concatenate("💎",sumproduct(BC12:BC411=Compilation!$E9:$E408)," 🥇",sumproduct(BC12:BC411=Compilation!$F9:$F408)," 🥈",sumproduct(BC12:BC411=Compilation!$G9:$G408)," 🥉",sumproduct(BC12:BC411=Compilation!$H9:$H408)))
A4: COUNT | B4: =LET( result, COUNT(B12:B411), IF(result = 0, "", result) ) -> 400 | C4: =LET( result, COUNT(C12:C411), IF(result = 0, "", result) ) -> 400 | D4: =LET( result, COUNT(D12:D411), IF(result = 0, "", result) ) -> 400 | E4: =LET( result, COUNT(E12:E411), IF(result = 0, "", result) ) -> 400 | F4: =LET( result, COUNT(F12:F411), IF(result = 0, "", result) ) -> 400 | G4: =LET( result, COUNT(G12:G411), IF(result = 0, "", result) ) -> 400 | H4: =LET( result, COUNT(H12:H411), IF(result = 0, "", result) ) -> 152 | I4: =LET( result, COUNT(I12:I411), IF(result = 0, "", result) ) -> 180 | ... AQ4: =LET( result, COUNT(AQ12:AQ411), IF(result = 0, "", result) ) -> 400 | AR4: =LET( result, COUNT(AR13:AR411), IF(result = 0, "", result) ) | AS4: =LET( result, COUNT(AS12:AS411), IF(result = 0, "", result) ) -> 400 | AT4: =LET( result, COUNT(AT12:AT411), IF(result = 0, "", result) ) -> 400 | AU4: =LET( result, COUNT(AU12:AU411), IF(result = 0, "", result) ) -> 400 | AV4: =LET( result, COUNT(AV12:AV411), IF(result = 0, "", result) ) -> 400 | AW4: =LET( result, COUNT(AW12:AW411), IF(result = 0, "", result) ) -> 400 | AX4: =LET( result, COUNT(AX12:AX411), IF(result = 0, "", result) ) -> 400 | AY4: =LET( result, COUNT(AY12:AY411), IF(result = 0, "", result) ) -> 400 | AZ4: =LET( result, COUNT(AZ12:AZ411), IF(result = 0, "", result) ) | ... BC4: =LET( result, COUNT(BC12:BC411), IF(result = 0, "", result) )
A5: SUM | B5: =LET( result, SUM(B12:B411), IF(result = 0, "", result) ) -> 37930 | C5: =LET( result, SUM(C12:C411), IF(result = 0, "", result) ) -> 86316 | D5: =LET( result, SUM(D12:D411), IF(result = 0, "", result) ) -> 38216 | E5: =LET( result, SUM(E12:E411), IF(result = 0, "", result) ) -> 86451 | F5: =LET( result, SUM(F12:F411), IF(result = 0, "", result) ) -> 38195 | G5: =LET( result, SUM(G12:G411), IF(result = 0, "", result) ) -> 93116 | H5: =LET( result, SUM(H12:H411), IF(result = 0, "", result) ) -> 9679 | I5: =LET( result, SUM(I12:I411), IF(result = 0, "", result) ) -> 18056 | ... AQ5: =LET( result, SUM(AQ12:AQ411), IF(result = 0, "", result) ) -> 55796 | AR5: =LET( result, SUM(AR13:AR411), IF(result = 0, "", result) ) | AS5: =LET( result, SUM(AS12:AS411), IF(result = 0, "", result) ) -> 48740 | AT5: =LET( result, SUM(AT12:AT411), IF(result = 0, "", result) ) -> 74165 | AU5: =LET( result, SUM(AU12:AU411), IF(result = 0, "", result) ) -> 42432 | AV5: =LET( result, SUM(AV12:AV411), IF(result = 0, "", result) ) -> 42190 | AW5: =LET( result, SUM(AW12:AW411), IF(result = 0, "", result) ) -> 43542 | AX5: =LET( result, SUM(AX12:AX411), IF(result = 0, "", result) ) -> 45754 | AY5: =LET( result, SUM(AY12:AY411), IF(result = 0, "", result) ) -> 36523 | AZ5: =LET( result, SUM(AZ12:AZ411), IF(result = 0, "", result) ) | ... BC5: =LET( result, SUM(BC12:BC411), IF(result = 0, "", result) )
A6: AVG | B6: =IFERROR(AVERAGE(B12:B411), "") -> 94.825 | C6: =IFERROR(AVERAGE(C12:C411), "") -> 215.79 | D6: =IFERROR(AVERAGE(D12:D411), "") -> 95.54 | E6: =IFERROR(AVERAGE(E12:E411), "") -> 216.1275 | F6: =IFERROR(AVERAGE(F12:F411), "") -> 95.4875 | G6: =IFERROR(AVERAGE(G12:G411), "") -> 232.79 | H6: =IFERROR(AVERAGE(H12:H411), "") -> 63.677632 | I6: =IFERROR(AVERAGE(I12:I411), "") -> 100.31111 | ... AQ6: =IFERROR(AVERAGE(AQ12:AQ411), "") -> 139.49 | AR6: =IFERROR(AVERAGE(AR13:AR411), "") | AS6: =IFERROR(AVERAGE(AS12:AS411), "") -> 121.85 | AT6: =IFERROR(AVERAGE(AT12:AT411), "") -> 185.4125 | AU6: =IFERROR(AVERAGE(AU12:AU411), "") -> 106.08 | AV6: =IFERROR(AVERAGE(AV12:AV411), "") -> 105.475 | AW6: =IFERROR(AVERAGE(AW12:AW411), "") -> 108.855 | AX6: =IFERROR(AVERAGE(AX12:AX411), "") -> 114.385 | AY6: =IFERROR(AVERAGE(AY12:AY411), "") -> 91.3075 | AZ6: =IFERROR(AVERAGE(AZ12:AZ411), "") | ... BC6: =IFERROR(AVERAGE(BC12:BC411), "")
A7: ΔSUM | B7: {=IF(COUNT(B12:B411)=0, "", SUM(IF(ISNUMBER(B12:B411), B12:B411 - Compilation!$F9:$F408)))} -> 1127 | C7: {=IF(COUNT(C12:C411)=0, "", SUM(IF(ISNUMBER(C12:C411), C12:C411 - Compilation!$F9:$F408)))} -> 49513 | D7: {=IF(COUNT(D12:D411)=0, "", SUM(IF(ISNUMBER(D12:D411), D12:D411 - Compilation!$F9:$F408)))} -> 1413 | E7: {=IF(COUNT(E12:E411)=0, "", SUM(IF(ISNUMBER(E12:E411), E12:E411 - Compilation!$F9:$F408)))} -> 49648 | F7: {=IF(COUNT(F12:F411)=0, "", SUM(IF(ISNUMBER(F12:F411), F12:F411 - Compilation!$F9:$F408)))} -> 1392 | G7: {=IF(COUNT(G12:G411)=0, "", SUM(IF(ISNUMBER(G12:G411), G12:G411 - Compilation!$F9:$F408)))} -> 56313 | H7: {=IF(COUNT(H12:H411)=0, "", SUM(IF(ISNUMBER(H12:H411), H12:H411 - Compilation!$F9:$F408)))} -> 1477 | I7: {=IF(COUNT(I12:I411)=0, "", SUM(IF(ISNUMBER(I12:I411), I12:I411 - Compilation!$F9:$F408)))} -> 5490 | ... AQ7: {=IF(COUNT(AQ12:AQ411)=0, "", SUM(IF(ISNUMBER(AQ12:AQ411), AQ12:AQ411 - Compilation!$F9:$F408)))} -> 18993 | AR7: {=IF(COUNT(AR13:AR411)=0, "", SUM(IF(ISNUMBER(AR13:AR411), AR13:AR411 - Compilation!$F9:$F408)))} | AS7: {=IF(COUNT(AS12:AS411)=0, "", SUM(IF(ISNUMBER(AS12:AS411), AS12:AS411 - Compilation!$F9:$F408)))} -> 11937 | AT7: {=IF(COUNT(AT12:AT411)=0, "", SUM(IF(ISNUMBER(AT12:AT411), AT12:AT411 - Compilation!$F9:$F408)))} -> 37362 | AU7: {=IF(COUNT(AU12:AU411)=0, "", SUM(IF(ISNUMBER(AU12:AU411), AU12:AU411 - Compilation!$F9:$F408)))} -> 5629 | AV7: {=IF(COUNT(AV12:AV411)=0, "", SUM(IF(ISNUMBER(AV12:AV411), AV12:AV411 - Compilation!$F9:$F408)))} -> 5387 | AW7: {=IF(COUNT(AW12:AW411)=0, "", SUM(IF(ISNUMBER(AW12:AW411), AW12:AW411 - Compilation!$F9:$F408)))} -> 6739 | AX7: {=IF(COUNT(AX12:AX411)=0, "", SUM(IF(ISNUMBER(AX12:AX411), AX12:AX411 - Compilation!$F9:$F408)))} -> 8951 | AY7: {=IF(COUNT(AY12:AY411)=0, "", SUM(IF(ISNUMBER(AY12:AY411), AY12:AY411 - Compilation!$F9:$F408)))} -> -280 | AZ7: {=IF(COUNT(AZ12:AZ411)=0, "", SUM(IF(ISNUMBER(AZ12:AZ411), AZ12:AZ411 - Compilation!$F9:$F408)))} | ... BC7: {=IF(COUNT(BC12:BC411)=0, "", SUM(IF(ISNUMBER(BC12:BC411), BC12:BC411 - Compilation!$F9:$F408)))}
A8: ΔAVG | B8: {=IF(COUNT(B12:B411)=0, "", AVERAGE(IF(ISNUMBER(B12:B411), B12:B411 - Compilation!$F9:$F408)))} -> 2.8175 | C8: {=IF(COUNT(C12:C411)=0, "", AVERAGE(IF(ISNUMBER(C12:C411), C12:C411 - Compilation!$F9:$F408)))} -> 123.7825 | D8: {=IF(COUNT(D12:D411)=0, "", AVERAGE(IF(ISNUMBER(D12:D411), D12:D411 - Compilation!$F9:$F408)))} -> 3.5325 | E8: {=IF(COUNT(E12:E411)=0, "", AVERAGE(IF(ISNUMBER(E12:E411), E12:E411 - Compilation!$F9:$F408)))} -> 124.12 | F8: {=IF(COUNT(F12:F411)=0, "", AVERAGE(IF(ISNUMBER(F12:F411), F12:F411 - Compilation!$F9:$F408)))} -> 3.48 | G8: {=IF(COUNT(G12:G411)=0, "", AVERAGE(IF(ISNUMBER(G12:G411), G12:G411 - Compilation!$F9:$F408)))} -> 140.7825 | H8: {=IF(COUNT(H12:H411)=0, "", AVERAGE(IF(ISNUMBER(H12:H411), H12:H411 - Compilation!$F9:$F408)))} -> 9.7171053 | I8: {=IF(COUNT(I12:I411)=0, "", AVERAGE(IF(ISNUMBER(I12:I411), I12:I411 - Compilation!$F9:$F408)))} -> 30.5 | ... AQ8: {=IF(COUNT(AQ12:AQ411)=0, "", AVERAGE(IF(ISNUMBER(AQ12:AQ411), AQ12:AQ411 - Compilation!$F9:$F408)))} -> 47.4825 | AR8: {=IF(COUNT(AR13:AR411)=0, "", AVERAGE(IF(ISNUMBER(AR13:AR411), AR13:AR411 - Compilation!$F9:$F408)))} | AS8: {=IF(COUNT(AS12:AS411)=0, "", AVERAGE(IF(ISNUMBER(AS12:AS411), AS12:AS411 - Compilation!$F9:$F408)))} -> 29.8425 | AT8: {=IF(COUNT(AT12:AT411)=0, "", AVERAGE(IF(ISNUMBER(AT12:AT411), AT12:AT411 - Compilation!$F9:$F408)))} -> 93.405 | AU8: {=IF(COUNT(AU12:AU411)=0, "", AVERAGE(IF(ISNUMBER(AU12:AU411), AU12:AU411 - Compilation!$F9:$F408)))} -> 14.0725 | AV8: {=IF(COUNT(AV12:AV411)=0, "", AVERAGE(IF(ISNUMBER(AV12:AV411), AV12:AV411 - Compilation!$F9:$F408)))} -> 13.4675 | AW8: {=IF(COUNT(AW12:AW411)=0, "", AVERAGE(IF(ISNUMBER(AW12:AW411), AW12:AW411 - Compilation!$F9:$F408)))} -> 16.8475 | AX8: {=IF(COUNT(AX12:AX411)=0, "", AVERAGE(IF(ISNUMBER(AX12:AX411), AX12:AX411 - Compilation!$F9:$F408)))} -> 22.3775 | AY8: {=IF(COUNT(AY12:AY411)=0, "", AVERAGE(IF(ISNUMBER(AY12:AY411), AY12:AY411 - Compilation!$F9:$F408)))} -> -0.7 | AZ8: {=IF(COUNT(AZ12:AZ411)=0, "", AVERAGE(IF(ISNUMBER(AZ12:AZ411), AZ12:AZ411 - Compilation!$F9:$F408)))} | ... BC8: {=IF(COUNT(BC12:BC411)=0, "", AVERAGE(IF(ISNUMBER(BC12:BC411), BC12:BC411 - Compilation!$F9:$F408)))}
A11: TASK
A12: =HYPERLINK("https://arcprize.org/play?task=007bbfb7", 1) -> 1 | B12: 58 | C12: 61 | D12: 58 | E12: 61 | F12: 60 | G12: 61 | H12: 61 | I12: 61 | J12: 58 | K12: 61 | L12: 61 | M12: 60 | N12: 61 | O12: 77 | P12: 105 | Q12: 61 | R12: 61 | S12: 74 | T12: 71 | U12: 71 | V12: 61 | W12: 61 | X12: 74 | Y12: 74 | Z12: 61 | AB12: 74 | AC12: 61 | AD12: 61 | AE12: 61 | AF12: 61 | AG12: 74 | AH12: 61 | AI12: 61 | AJ12: 61 | AK12: 61 | AL12: 61 | AM12: 61 | AN12: 61 | AO12: 61 | AP12: 61 | AQ12: 61 | AS12: 61 | AT12: 61 | AU12: 61 | AV12: 61 | AW12: 61 | AX12: 61 | AY12: 58
A13: =HYPERLINK("https://arcprize.org/play?task=00d62c1b", 2) -> 2 | B13: 88 | C13: 200 | D13: 88 | E13: 196 | F13: 86 | G13: 108 | H13: 96 | I13: 217 | J13: 99 | K13: 97 | L13: 102 | M13: 91 | O13: 171 | Q13: 201 | R13: 102 | T13: 338 | U13: 300 | V13: 102 | W13: 92 | X13: 259 | Y13: 259 | Z13: 101 | AB13: 200 | AC13: 196 | AD13: 110 | AE13: 188 | AF13: 202 | AG13: 314 | AH13: 200 | AI13: 129 | AJ13: 199 | AK13: 97 | AL13: 192 | AM13: 126 | AN13: 196 | AO13: 94 | AP13: 194 | AQ13: 107 | AS13: 99 | AT13: 196 | AU13: 107 | AV13: 98 | AW13: 95 | AX13: 101 | AY13: 85
A14: =HYPERLINK("https://arcprize.org/play?task=017c7c7b", 3) -> 3 | B14: 58 | C14: 65 | D14: 58 | E14: 65 | F14: 58 | G14: 65 | H14: 61 | I14: 65 | J14: 58 | K14: 58 | L14: 58 | M14: 58 | O14: 63 | Q14: 65 | R14: 61 | S14: 86 | T14: 65 | U14: 61 | V14: 61 | W14: 62 | X14: 66 | Y14: 66 | Z14: 61 | AB14: 66 | AC14: 61 | AD14: 61 | AE14: 58 | AF14: 61 | AG14: 66 | AH14: 61 | AI14: 65 | AJ14: 65 | AK14: 61 | AL14: 65 | AM14: 65 | AN14: 65 | AO14: 61 | AP14: 61 | AQ14: 61 | AS14: 65 | AT14: 65 | AU14: 61 | AV14: 58 | AW14: 58 | AX14: 58 | AY14: 58
A15: =HYPERLINK("https://arcprize.org/play?task=025d127b", 4) -> 4 | B15: 79 | C15: 194 | D15: 73 | E15: 192 | F15: 74 | G15: 194 | I15: 139 | J15: 91 | K15: 101 | L15: 110 | M15: 99 | Q15: 195 | R15: 108 | T15: 258 | U15: 222 | V15: 119 | W15: 93 | X15: 222 | Y15: 222 | Z15: 99 | AB15: 194 | AC15: 191 | AD15: 190 | AE15: 194 | AF15: 191 | AG15: 222 | AH15: 125 | AI15: 170 | AJ15: 180 | AL15: 191 | AM15: 119 | AN15: 194 | AO15: 80 | AP15: 132 | AQ15: 139 | AS15: 149 | AT15: 194 | AU15: 84 | AV15: 86 | AW15: 104 | AX15: 103 | AY15: 73
A16: =HYPERLINK("https://arcprize.org/play?task=045e512c", 5) -> 5 | B16: 174 | C16: 409 | D16: 199 | E16: 396 | F16: 166 | G16: 399 | I16: 346 | J16: 253 | K16: 235 | L16: 279 | M16: 257 | Q16: 382 | R16: 246 | W16: 279 | Y16: 437 | Z16: 242 | AB16: 400 | AC16: 424 | AD16: 438 | AE16: 279 | AF16: 494 | AG16: 484 | AH16: 358 | AI16: 273 | AJ16: 349 | AL16: 309 | AM16: 275 | AN16: 414 | AO16: 246 | AP16: 388 | AQ16: 250 | AS16: 242 | AT16: 330 | AU16: 234 | AV16: 234 | AW16: 221 | AX16: 236 | AY16: 166
A17: =HYPERLINK("https://arcprize.org/play?task=0520fde7", 6) -> 6 | B17: 49 | C17: 53 | D17: 51 | E17: 57 | F17: 49 | G17: 53 | H17: 53 | I17: 53 | J17: 51 | K17: 51 | L17: 53 | M17: 51 | N17: 53 | O17: 53 | P17: 70 | Q17: 53 | R17: 53 | T17: 57 | U17: 70 | V17: 53 | W17: 53 | X17: 71 | Y17: 71 | Z17: 51 | AB17: 71 | AC17: 57 | AD17: 53 | AE17: 53 | AF17: 57 | AG17: 59 | AH17: 53 | AI17: 53 | AJ17: 53 | AK17: 53 | AL17: 53 | AM17: 54 | AN17: 57 | AO17: 51 | AP17: 53 | AQ17: 51 | AS17: 53 | AT17: 57 | AU17: 49 | AV17: 51 | AW17: 49 | AX17: 51 | AY17: 49
A18: =HYPERLINK("https://arcprize.org/play?task=05269061", 7) -> 7 | B18: 62 | C18: 142 | D18: 63 | E18: 104 | F18: 62 | G18: 98 | H18: 72 | I18: 84 | J18: 64 | K18: 68 | L18: 72 | M18: 63 | Q18: 72 | R18: 64 | S18: 84 | T18: 180 | U18: 124 | V18: 72 | W18: 67 | X18: 155 | Y18: 155 | Z18: 72 | AB18: 155 | AC18: 126 | AD18: 104 | AE18: 72 | AF18: 118 | AG18: 108 | AH18: 72 | AI18: 72 | AJ18: 97 | AL18: 135 | AM18: 72 | AN18: 142 | AO18: 64 | AP18: 98 | AQ18: 74 | AS18: 103 | AT18: 142 | AU18: 64 | AV18: 64 | AW18: 64 | AX18: 64 | AY18: 62
A19: =HYPERLINK("https://arcprize.org/play?task=05f2a901", 8) -> 8 | B19: 84 | C19: 184 | D19: 90 | E19: 184 | F19: 84 | G19: 299 | I19: 152 | J19: 99 | K19: 97 | L19: 120 | M19: 127 | Q19: 218 | R19: 115 | U19: 394 | W19: 103 | X19: 320 | Y19: 323 | Z19: 104 | AB19: 277 | AC19: 296 | AD19: 290 | AE19: 296 | AF19: 238 | AG19: 222 | AH19: 221 | AI19: 122 | AJ19: 236 | AL19: 186 | AM19: 142 | AN19: 189 | AO19: 101 | AP19: 184 | AQ19: 146 | AS19: 149 | AT19: 186 | AU19: 99 | AV19: 125 | AW19: 114 | AX19: 99 | AY19: 83
A20: =HYPERLINK("https://arcprize.org/play?task=06df4c85", 9) -> 9 | B20: 95 | C20: 281 | D20: 109 | E20: 263 | F20: 108 | G20: 229 | H20: 126 | I20: 147 | J20: 116 | K20: 112 | L20: 123 | M20: 107 | Q20: 223 | R20: 121 | U20: 507 | V20: 123 | W20: 109 | X20: 317 | Y20: 323 | Z20: 109 | AB20: 279 | AC20: 263 | AE20: 167 | AF20: 279 | AG20: 305 | AH20: 158 | AI20: 118 | AJ20: 166 | AL20: 207 | AM20: 216 | AN20: 263 | AO20: 108 | AP20: 226 | AQ20: 240 | AS20: 119 | AT20: 263 | AU20: 116 | AV20: 113 | AW20: 112 | AX20: 113 | AY20: 95
A21: =HYPERLINK("https://arcprize.org/play?task=08ed6ac7", 10) -> 10 | B21: 66 | C21: 94 | D21: 67 | E21: 94 | F21: 67 | G21: 95 | H21: 77 | I21: 94 | J21: 68 | K21: 80 | L21: 87 | M21: 77 | Q21: 92 | R21: 83 | S21: 108 | T21: 106 | U21: 106 | V21: 88 | W21: 101 | X21: 106 | Y21: 106 | Z21: 82 | AB21: 106 | AC21: 95 | AD21: 94 | AE21: 95 | AF21: 94 | AG21: 106 | AH21: 87 | AI21: 89 | AJ21: 89 | AK21: 72 | AL21: 94 | AM21: 72 | AN21: 95 | AO21: 70 | AP21: 94 | AQ21: 87 | AS21: 83 | AT21: 94 | AU21: 71 | AV21: 71 | AW21: 71 | AX21: 82 | AY21: 66
A22: =HYPERLINK("https://arcprize.org/play?task=09629e4f", 11) -> 11 | B22: 120 | C22: 201 | D22: 114 | E22: 189 | F22: 121 | G22: 204 | H22: 155 | I22: 155 | J22: 127 | K22: 122 | L22: 133 | M22: 133 | Q22: 206 | R22: 158 | S22: 184 | U22: 309 | W22: 158 | X22: 246 | Y22: 212 | Z22: 129 | AB22: 241 | AC22: 189 | AD22: 177 | AE22: 189 | AF22: 167 | AG22: 235 | AH22: 158 | AI22: 156 | AJ22: 156 | AL22: 189 | AM22: 131 | AN22: 189 | AO22: 137 | AP22: 173 | AQ22: 153 | AS22: 166 | AT22: 189 | AU22: 140 | AV22: 141 | AW22: 141 | AX22: 145 | AY22: 113
A23: =HYPERLINK("https://arcprize.org/play?task=0962bcdd", 12) -> 12 | B23: 122 | C23: 218 | D23: 129 | E23: 217 | F23: 126 | G23: 218 | I23: 175 | J23: 132 | K23: 158 | L23: 195 | M23: 164 | Q23: 217 | R23: 140 | U23: 218 | W23: 138 | X23: 218 | Y23: 218 | Z23: 133 | AB23: 215 | AC23: 217 | AD23: 211 | AE23: 217 | AF23: 197 | AG23: 218 | AH23: 189 | AI23: 194 | AJ23: 197 | AL23: 200 | AM23: 183 | AN23: 217 | AO23: 143 | AP23: 199 | AQ23: 204 | AS23: 194 | AT23: 217 | AU23: 133 | AV23: 142 | AW23: 135 | AX23: 133 | AY23: 122
A24: =HYPERLINK("https://arcprize.org/play?task=0a938d79", 13) -> 13 | B24: 124 | C24: 253 | D24: 136 | E24: 246 | F24: 129 | G24: 239 | H24: 186 | I24: 169 | J24: 138 | K24: 153 | L24: 197 | M24: 145 | Q24: 230 | R24: 163 | U24: 1009 | W24: 161 | X24: 452 | Y24: 299 | Z24: 171 | AB24: 350 | AC24: 246 | AD24: 234 | AE24: 246 | AF24: 412 | AG24: 290 | AH24: 185 | AI24: 187 | AJ24: 199 | AL24: 246 | AM24: 205 | AN24: 246 | AO24: 136 | AP24: 212 | AQ24: 211 | AS24: 172 | AT24: 246 | AU24: 150 | AV24: 139 | AW24: 163 | AX24: 175 | AY24: 124
A25: =HYPERLINK("https://arcprize.org/play?task=0b148d64", 14) -> 14 | B25: 57 | C25: 129 | D25: 68 | E25: 129 | F25: 67 | G25: 245 | H25: 94 | I25: 108 | J25: 76 | K25: 99 | L25: 81 | M25: 76 | Q25: 124 | R25: 77 | S25: 160 | T25: 213 | U25: 255 | V25: 94 | W25: 96 | X25: 253 | Y25: 251 | Z25: 74 | AB25: 200 | AC25: 135 | AD25: 123 | AE25: 85 | AF25: 190 | AG25: 261 | AH25: 117 | AI25: 105 | AJ25: 183 | AL25: 129 | AM25: 95 | AN25: 129 | AO25: 92 | AP25: 118 | AQ25: 81 | AS25: 81 | AT25: 129 | AU25: 76 | AV25: 81 | AW25: 74 | AX25: 74 | AY25: 57
A26: =HYPERLINK("https://arcprize.org/play?task=0ca9ddb6", 15) -> 15 | B26: 92 | C26: 190 | D26: 92 | E26: 142 | F26: 87 | G26: 190 | H26: 135 | I26: 117 | J26: 104 | K26: 115 | L26: 125 | M26: 97 | Q26: 145 | R26: 116 | U26: 234 | W26: 117 | X26: 218 | Y26: 219 | Z26: 114 | AB26: 209 | AC26: 190 | AD26: 190 | AE26: 188 | AF26: 159 | AG26: 183 | AH26: 127 | AI26: 132 | AJ26: 190 | AL26: 190 | AM26: 126 | AN26: 190 | AO26: 112 | AP26: 138 | AQ26: 132 | AS26: 109 | AT26: 190 | AU26: 116 | AV26: 105 | AW26: 119 | AX26: 114 | AY26: 87
A27: =HYPERLINK("https://arcprize.org/play?task=0d3d703e", 16) -> 16 | B27: 43 | C27: 48 | D27: 43 | E27: 55 | F27: 43 | G27: 49 | H27: 46 | I27: 49 | J27: 43 | K27: 44 | L27: 46 | M27: 46 | N27: 56 | O27: 47 | Q27: 59 | R27: 49 | S27: 52 | T27: 59 | U27: 63 | V27: 50 | W27: 52 | X27: 63 | Y27: 63 | Z27: 46 | AB27: 55 | AC27: 55 | AD27: 52 | AE27: 50 | AF27: 54 | AG27: 63 | AH27: 49 | AI27: 55 | AJ27: 55 | AK27: 43 | AL27: 55 | AM27: 49 | AN27: 55 | AO27: 46 | AP27: 50 | AQ27: 49 | AS27: 50 | AT27: 55 | AU27: 46 | AV27: 46 | AW27: 46 | AX27: 44 | AY27: 43
A28: =HYPERLINK("https://arcprize.org/play?task=0dfd9992", 17) -> 17 | B28: 90 | C28: 228 | D28: 102 | E28: 256 | F28: 99 | G28: 187 | H28: 165 | I28: 149 | J28: 114 | K28: 126 | L28: 198 | M28: 147 | Q28: 291 | R28: 137 | U28: 364 | W28: 164 | X28: 291 | Y28: 297 | Z28: 133 | AB28: 183 | AC28: 256 | AE28: 256 | AF28: 253 | AG28: 216 | AH28: 155 | AI28: 158 | AJ28: 173 | AL28: 251 | AM28: 136 | AN28: 256 | AO28: 107 | AP28: 195 | AQ28: 168 | AS28: 156 | AT28: 255 | AU28: 109 | AV28: 118 | AW28: 144 | AX28: 108 | AY28: 89
A29: =HYPERLINK("https://arcprize.org/play?task=0e206a2e", 18) -> 18 | B29: 301 | C29: 539 | D29: 275 | E29: 483 | F29: 286 | G29: 531 | I29: 519 | J29: 338 | K29: 322 | L29: 385 | M29: 389 | Q29: 622 | R29: 354 | Y29: 686 | Z29: 361 | AB29: 593 | AC29: 488 | AE29: 491 | AF29: 799 | AG29: 1288 | AH29: 455 | AI29: 339 | AJ29: 392 | AL29: 488 | AM29: 384 | AN29: 483 | AO29: 346 | AP29: 435 | AQ29: 426 | AS29: 342 | AT29: 483 | AU29: 311 | AV29: 299 | AW29: 332 | AX29: 392 | AY29: 268
A30: =HYPERLINK("https://arcprize.org/play?task=10fcaaa3", 19) -> 19 | B30: 103 | C30: 250 | D30: 104 | E30: 229 | F30: 105 | G30: 179 | H30: 141 | I30: 130 | J30: 121 | K30: 139 | L30: 141 | M30: 116 | Q30: 250 | R30: 140 | S30: 168 | U30: 279 | W30: 141 | X30: 247 | Y30: 248 | Z30: 121 | AB30: 203 | AC30: 229 | AE30: 229 | AF30: 247 | AG30: 250 | AH30: 171 | AI30: 175 | AJ30: 175 | AL30: 229 | AM30: 168 | AN30: 229 | AO30: 121 | AP30: 177 | AQ30: 174 | AS30: 140 | AT30: 225 | AU30: 119 | AV30: 121 | AW30: 134 | AX30: 128 | AY30: 103
A31: =HYPERLINK("https://arcprize.org/play?task=11852cab", 20) -> 20 | B31: 138 | C31: 310 | D31: 139 | E31: 265 | F31: 135 | G31: 289 | I31: 226 | J31: 156 | K31: 156 | L31: 215 | M31: 177 | Q31: 299 | R31: 168 | U31: 357 | W31: 227 | X31: 297 | Y31: 310 | Z31: 195 | AB31: 297 | AC31: 265 | AE31: 265 | AF31: 297 | AG31: 239 | AH31: 196 | AI31: 201 | AJ31: 205 | AL31: 265 | AM31: 218 | AN31: 265 | AO31: 126 | AP31: 226 | AQ31: 199 | AS31: 184 | AT31: 265 | AU31: 152 | AV31: 138 | AW31: 133 | AX31: 157 | AY31: 121
A32: =HYPERLINK("https://arcprize.org/play?task=1190e5a7", 21) -> 21 | B32: 52 | C32: 77 | D32: 51 | E32: 79 | F32: 52 | G32: 79 | H32: 74 | I32: 76 | J32: 58 | K32: 67 | L32: 76 | M32: 55 | Q32: 80 | R32: 71 | S32: 83 | T32: 81 | U32: 248 | V32: 77 | W32: 71 | X32: 220 | Y32: 219 | Z32: 67 | AB32: 79 | AC32: 79 | AD32: 76 | AE32: 79 | AF32: 220 | AG32: 79 | AH32: 77 | AI32: 76 | AJ32: 79 | AK32: 62 | AL32: 79 | AM32: 67 | AN32: 79 | AO32: 51 | AP32: 79 | AQ32: 79 | AS32: 75 | AT32: 79 | AU32: 52 | AV32: 54 | AW32: 54 | AX32: 71 | AY32: 51
A33: =HYPERLINK("https://arcprize.org/play?task=137eaa0f", 22) -> 22 | B33: 91 | C33: 212 | D33: 95 | E33: 206 | F33: 92 | G33: 225 | I33: 108 | J33: 106 | K33: 103 | L33: 104 | M33: 104 | Q33: 136 | R33: 103 | S33: 107 | U33: 224 | V33: 106 | W33: 102 | X33: 225 | Y33: 217 | Z33: 106 | AB33: 225 | AC33: 206 | AE33: 206 | AF33: 225 | AG33: 164 | AH33: 108 | AI33: 108 | AJ33: 108 | AL33: 206 | AM33: 109 | AN33: 206 | AO33: 101 | AP33: 105 | AQ33: 109 | AS33: 108 | AT33: 206 | AU33: 106 | AV33: 97 | AW33: 99 | AX33: 103 | AY33: 91
A34: =HYPERLINK("https://arcprize.org/play?task=150deff5", 23) -> 23 | B34: 195 | C34: 326 | D34: 182 | E34: 295 | F34: 197 | G34: 314 | I34: 285 | J34: 225 | K34: 222 | L34: 295 | M34: 220 | R34: 254 | Y34: 320 | Z34: 229 | AB34: 341 | AC34: 295 | AE34: 295 | AF34: 383 | AG34: 565 | AH34: 234 | AI34: 295 | AJ34: 309 | AK34: 204 | AL34: 295 | AM34: 265 | AN34: 295 | AO34: 191 | AP34: 244 | AQ34: 261 | AS34: 242 | AT34: 294 | AU34: 250 | AV34: 206 | AW34: 208 | AX34: 244 | AY34: 181
A35: =HYPERLINK("https://arcprize.org/play?task=178fcbfb", 24) -> 24 | B35: 62 | C35: 144 | D35: 62 | E35: 144 | F35: 62 | G35: 145 | H35: 68 | I35: 90 | J35: 62 | K35: 66 | L35: 67 | M35: 62 | Q35: 70 | R35: 69 | S35: 111 | T35: 162 | U35: 151 | V35: 67 | W35: 62 | X35: 156 | Y35: 156 | Z35: 65 | AB35: 156 | AC35: 144 | AD35: 69 | AE35: 144 | AF35: 156 | AG35: 147 | AH35: 63 | AI35: 70 | AJ35: 94 | AL35: 120 | AM35: 68 | AN35: 144 | AO35: 62 | AP35: 68 | AQ35: 71 | AS35: 65 | AT35: 144 | AU35: 62 | AV35: 62 | AW35: 62 | AX35: 65 | AY35: 62
A36: =HYPERLINK("https://arcprize.org/play?task=1a07d186", 25) -> 25 | B36: 127 | C36: 305 | D36: 134 | E36: 275 | F36: 141 | G36: 276 | I36: 230 | J36: 177 | K36: 138 | L36: 219 | M36: 192 | Q36: 265 | R36: 180 | U36: 580 | W36: 177 | Y36: 341 | Z36: 161 | AB36: 269 | AC36: 275 | AE36: 248 | AF36: 295 | AG36: 386 | AH36: 229 | AI36: 211 | AJ36: 224 | AL36: 275 | AM36: 211 | AN36: 275 | AO36: 138 | AP36: 211 | AQ36: 213 | AS36: 211 | AT36: 275 | AU36: 156 | AV36: 144 | AW36: 192 | AX36: 180 | AY36: 127
A37: =HYPERLINK("https://arcprize.org/play?task=1b2d62fb", 26) -> 26 | B37: 50 | C37: 57 | D37: 52 | E37: 57 | F37: 50 | G37: 57 | H37: 57 | I37: 57 | J37: 52 | K37: 52 | L37: 54 | M37: 52 | Q37: 58 | R37: 55 | S37: 73 | T37: 57 | U37: 59 | V37: 57 | W37: 55 | X37: 59 | Y37: 59 | Z37: 52 | AB37: 59 | AC37: 57 | AD37: 57 | AE37: 57 | AF37: 59 | AG37: 59 | AH37: 54 | AI37: 57 | AJ37: 57 | AK37: 54 | AL37: 57 | AM37: 57 | AN37: 57 | AO37: 52 | AP37: 57 | AQ37: 54 | AS37: 57 | AT37: 57 | AU37: 50 | AV37: 52 | AW37: 50 | AX37: 52 | AY37: 50
A38: =HYPERLINK("https://arcprize.org/play?task=1b60fb0c", 27) -> 27 | B38: 97 | C38: 315 | D38: 103 | E38: 316 | F38: 105 | G38: 399 | I38: 117 | J38: 125 | K38: 125 | L38: 105 | M38: 105 | Q38: 258 | R38: 124 | T38: 146 | W38: 107 | Y38: 366 | Z38: 121 | AB38: 287 | AC38: 325 | AE38: 138 | AF38: 231 | AG38: 226 | AH38: 140 | AI38: 222 | AJ38: 259 | AK38: 112 | AL38: 251 | AM38: 176 | AN38: 319 | AO38: 103 | AP38: 200 | AQ38: 169 | AS38: 129 | AT38: 316 | AU38: 113 | AV38: 104 | AW38: 105 | AX38: 122 | AY38: 97
A39: =HYPERLINK("https://arcprize.org/play?task=1bfc4729", 28) -> 28 | B39: 63 | C39: 132 | D39: 66 | E39: 139 | F39: 63 | G39: 139 | H39: 81 | I39: 99 | J39: 78 | K39: 78 | L39: 80 | M39: 63 | Q39: 97 | R39: 71 | S39: 106 | T39: 90 | U39: 139 | V39: 86 | W39: 64 | X39: 139 | Y39: 139 | Z39: 80 | AB39: 132 | AC39: 139 | AD39: 85 | AE39: 139 | AF39: 138 | AG39: 135 | AH39: 74 | AI39: 79 | AJ39: 84 | AL39: 119 | AM39: 80 | AN39: 139 | AO39: 64 | AP39: 100 | AQ39: 98 | AS39: 82 | AT39: 139 | AU39: 70 | AV39: 70 | AW39: 70 | AX39: 77 | AY39: 63
A40: =HYPERLINK("https://arcprize.org/play?task=1c786137", 29) -> 29 | B40: 103 | C40: 229 | D40: 110 | E40: 223 | F40: 108 | G40: 239 | I40: 213 | J40: 121 | K40: 117 | L40: 126 | M40: 121 | Q40: 256 | R40: 134 | U40: 403 | W40: 108 | Y40: 239 | Z40: 131 | AB40: 237 | AC40: 223 | AE40: 223 | AF40: 249 | AG40: 329 | AH40: 172 | AI40: 197 | AJ40: 197 | AL40: 205 | AM40: 174 | AN40: 223 | AO40: 141 | AP40: 177 | AQ40: 192 | AS40: 132 | AT40: 194 | AU40: 117 | AV40: 113 | AW40: 142 | AX40: 159 | AY40: 103
A41: =HYPERLINK("https://arcprize.org/play?task=1caeab9d", 30) -> 30 | B41: 93 | C41: 233 | D41: 94 | E41: 212 | F41: 93 | G41: 226 | I41: 120 | J41: 94 | K41: 94 | L41: 150 | M41: 112 | Q41: 227 | R41: 106 | U41: 240 | W41: 94 | X41: 232 | Y41: 233 | Z41: 117 | AB41: 217 | AC41: 212 | AE41: 212 | AF41: 226 | AG41: 216 | AH41: 152 | AI41: 189 | AJ41: 194 | AL41: 212 | AM41: 170 | AN41: 212 | AO41: 116 | AP41: 193 | AQ41: 168 | AS41: 121 | AT41: 212 | AU41: 93 | AV41: 116 | AW41: 116 | AX41: 94 | AY41: 91
A42: =HYPERLINK("https://arcprize.org/play?task=1cf80156", 31) -> 31 | B42: 45 | C42: 126 | D42: 45 | E42: 51 | F42: 45 | G42: 61 | H42: 59 | I42: 60 | J42: 50 | K42: 48 | L42: 48 | M42: 45 | P42: 107 | Q42: 87 | R42: 50 | S42: 88 | T42: 177 | U42: 126 | V42: 50 | W42: 47 | X42: 126 | Y42: 126 | Z42: 50 | AB42: 126 | AC42: 126 | AD42: 51 | AE42: 48 | AF42: 126 | AG42: 126 | AH42: 51 | AI42: 50 | AJ42: 67 | AK42: 50 | AL42: 54 | AM42: 50 | AN42: 126 | AO42: 50 | AP42: 50 | AQ42: 50 | AS42: 48 | AT42: 126 | AU42: 50 | AV42: 48 | AW42: 48 | AX42: 50 | AY42: 45
A43: =HYPERLINK("https://arcprize.org/play?task=1e0a9b12", 32) -> 32 | B43: 39 | C43: 39 | D43: 39 | E43: 39 | F43: 39 | G43: 39 | H43: 39 | I43: 39 | J43: 39 | K43: 39 | L43: 39 | M43: 39 | P43: 96 | Q43: 49 | R43: 39 | S43: 49 | T43: 49 | U43: 85 | V43: 39 | W43: 39 | X43: 85 | Y43: 39 | Z43: 39 | AB43: 56 | AC43: 39 | AD43: 39 | AE43: 39 | AF43: 85 | AG43: 85 | AH43: 39 | AI43: 39 | AJ43: 39 | AK43: 39 | AL43: 39 | AM43: 39 | AN43: 39 | AO43: 39 | AP43: 39 | AQ43: 39 | AS43: 39 | AT43: 39 | AU43: 39 | AV43: 39 | AW43: 39 | AX43: 39 | AY43: 39
A44: =HYPERLINK("https://arcprize.org/play?task=1e32b0e9", 33) -> 33 | B44: 71 | C44: 130 | D44: 73 | E44: 89 | F44: 73 | G44: 79 | I44: 79 | J44: 79 | K44: 79 | L44: 79 | M44: 79 | P44: 101 | Q44: 86 | R44: 79 | S44: 79 | U44: 272 | V44: 79 | W44: 79 | X44: 247 | Y44: 210 | Z44: 79 | AB44: 124 | AC44: 227 | AE44: 227 | AF44: 247 | AG44: 90 | AH44: 79 | AI44: 79 | AJ44: 86 | AL44: 134 | AM44: 79 | AN44: 224 | AO44: 77 | AP44: 83 | AQ44: 79 | AS44: 79 | AT44: 85 | AU44: 79 | AV44: 77 | AW44: 77 | AX44: 79 | AY44: 71
A45: =HYPERLINK("https://arcprize.org/play?task=1f0c79e5", 34) -> 34 | B45: 116 | C45: 317 | D45: 125 | E45: 312 | F45: 126 | G45: 354 | I45: 236 | J45: 127 | K45: 184 | L45: 234 | M45: 140 | Q45: 294 | R45: 164 | W45: 187 | Y45: 312 | Z45: 134 | AB45: 358 | AC45: 330 | AE45: 330 | AF45: 378 | AG45: 356 | AH45: 247 | AI45: 244 | AJ45: 259 | AL45: 307 | AM45: 233 | AN45: 311 | AO45: 128 | AP45: 244 | AQ45: 211 | AS45: 224 | AT45: 281 | AU45: 143 | AV45: 182 | AW45: 175 | AX45: 134 | AY45: 116
A46: =HYPERLINK("https://arcprize.org/play?task=1f642eb9", 35) -> 35 | B46: 82 | C46: 243 | D46: 82 | E46: 231 | F46: 83 | G46: 251 | I46: 98 | J46: 92 | K46: 94 | L46: 94 | M46: 89 | Q46: 223 | R46: 106 | S46: 382 | U46: 298 | V46: 94 | W46: 97 | Y46: 233 | Z46: 94 | AB46: 251 | AC46: 231 | AE46: 231 | AF46: 297 | AG46: 188 | AH46: 159 | AI46: 98 | AJ46: 136 | AL46: 120 | AM46: 147 | AN46: 231 | AO46: 94 | AP46: 184 | AQ46: 158 | AS46: 96 | AT46: 230 | AU46: 91 | AV46: 91 | AW46: 89 | AX46: 98 | AY46: 82
A47: =HYPERLINK("https://arcprize.org/play?task=1f85a75f", 36) -> 36 | B47: 75 | C47: 196 | D47: 82 | E47: 196 | F47: 75 | G47: 284 | I47: 207 | J47: 95 | K47: 118 | L47: 153 | M47: 103 | Q47: 222 | R47: 109 | S47: 168 | U47: 375 | V47: 181 | W47: 75 | X47: 304 | Y47: 310 | Z47: 85 | AB47: 245 | AC47: 276 | AE47: 276 | AF47: 304 | AG47: 258 | AH47: 146 | AI47: 130 | AJ47: 186 | AL47: 169 | AM47: 133 | AN47: 196 | AO47: 112 | AP47: 151 | AQ47: 186 | AS47: 117 | AT47: 196 | AU47: 95 | AV47: 109 | AW47: 81 | AX47: 122 | AY47: 75
A48: =HYPERLINK("https://arcprize.org/play?task=1f876c06", 37) -> 37 | B48: 101 | C48: 226 | D48: 104 | E48: 226 | F48: 105 | G48: 268 | I48: 161 | J48: 111 | K48: 118 | L48: 135 | M48: 117 | Q48: 272 | R48: 112 | U48: 254 | X48: 269 | Y48: 271 | Z48: 124 | AB48: 264 | AC48: 242 | AE48: 242 | AF48: 269 | AG48: 192 | AH48: 150 | AI48: 158 | AJ48: 170 | AL48: 222 | AM48: 154 | AN48: 237 | AO48: 109 | AP48: 182 | AQ48: 142 | AS48: 131 | AT48: 218 | AU48: 112 | AV48: 115 | AW48: 117 | AX48: 104 | AY48: 101
A49: =HYPERLINK("https://arcprize.org/play?task=1fad071e", 38) -> 38 | B49: 51 | C49: 107 | D49: 51 | E49: 107 | F49: 51 | G49: 109 | H49: 52 | I49: 52 | J49: 51 | K49: 51 | L49: 52 | M49: 51 | P49: 98 | Q49: 110 | R49: 54 | T49: 52 | U49: 133 | V49: 52 | W49: 51 | X49: 133 | Y49: 133 | Z49: 51 | AB49: 117 | AC49: 107 | AD49: 52 | AE49: 107 | AF49: 133 | AG49: 115 | AH49: 54 | AI49: 52 | AJ49: 88 | AK49: 52 | AL49: 107 | AM49: 95 | AN49: 107 | AO49: 51 | AP49: 99 | AQ49: 54 | AS49: 52 | AT49: 107 | AU49: 51 | AV49: 51 | AW49: 51 | AX49: 51 | AY49: 51
A50: =HYPERLINK("https://arcprize.org/play?task=2013d3e2", 39) -> 39 | B50: 60 | C50: 160 | D50: 60 | E50: 160 | F50: 60 | G50: 161 | H50: 74 | I50: 74 | J50: 61 | K50: 60 | L50: 67 | M50: 65 | Q50: 131 | R50: 62 | S50: 85 | T50: 90 | U50: 256 | V50: 72 | W50: 63 | X50: 248 | Y50: 203 | Z50: 61 | AB50: 170 | AC50: 187 | AE50: 225 | AF50: 248 | AG50: 134 | AH50: 90 | AI50: 65 | AJ50: 87 | AL50: 62 | AM50: 61 | AN50: 163 | AO50: 61 | AP50: 88 | AQ50: 88 | AS50: 65 | AT50: 133 | AU50: 64 | AV50: 61 | AW50: 60 | AX50: 61 | AY50: 60
A51: =HYPERLINK("https://arcprize.org/play?task=2204b7a8", 40) -> 40 | B51: 63 | C51: 113 | D51: 69 | E51: 113 | F51: 69 | G51: 243 | H51: 75 | I51: 91 | J51: 72 | K51: 75 | L51: 76 | M51: 72 | Q51: 88 | R51: 84 | U51: 272 | V51: 76 | W51: 75 | X51: 249 | Y51: 245 | Z51: 75 | AB51: 150 | AC51: 227 | AE51: 227 | AF51: 249 | AG51: 155 | AH51: 82 | AI51: 75 | AJ51: 76 | AL51: 113 | AM51: 96 | AN51: 113 | AO51: 75 | AP51: 110 | AQ51: 105 | AS51: 77 | AT51: 113 | AU51: 70 | AV51: 75 | AW51: 75 | AX51: 75 | AY51: 63
A52: =HYPERLINK("https://arcprize.org/play?task=22168020", 41) -> 41 | B52: 49 | C52: 63 | D52: 49 | E52: 64 | F52: 49 | G52: 67 | H52: 49 | I52: 67 | J52: 49 | K52: 49 | L52: 49 | M52: 49 | Q52: 68 | R52: 49 | S52: 91 | T52: 49 | U52: 98 | V52: 49 | W52: 49 | X52: 98 | Y52: 98 | Z52: 49 | AB52: 98 | AC52: 67 | AD52: 66 | AE52: 67 | AF52: 98 | AG52: 98 | AH52: 50 | AI52: 63 | AJ52: 63 | AK52: 49 | AL52: 67 | AM52: 50 | AN52: 67 | AO52: 49 | AP52: 49 | AQ52: 64 | AS52: 49 | AT52: 64 | AU52: 49 | AV52: 49 | AW52: 49 | AX52: 49 | AY52: 49
A53: =HYPERLINK("https://arcprize.org/play?task=22233c11", 42) -> 42 | B53: 136 | C53: 306 | D53: 134 | E53: 341 | F53: 132 | G53: 365 | I53: 286 | J53: 139 | K53: 235 | L53: 247 | M53: 138 | Q53: 492 | R53: 181 | Y53: 405 | Z53: 146 | AB53: 348 | AC53: 341 | AE53: 344 | AF53: 530 | AG53: 359 | AH53: 310 | AI53: 248 | AJ53: 263 | AL53: 310 | AM53: 265 | AN53: 344 | AO53: 162 | AP53: 298 | AQ53: 235 | AS53: 196 | AT53: 341 | AU53: 138 | AV53: 158 | AW53: 235 | AX53: 165 | AY53: 132
A54: =HYPERLINK("https://arcprize.org/play?task=2281f1f4", 43) -> 43 | B54: 56 | C54: 123 | D54: 56 | E54: 123 | F54: 56 | G54: 114 | H54: 57 | I54: 62 | J54: 57 | K54: 57 | L54: 62 | M54: 56 | Q54: 80 | R54: 61 | S54: 97 | T54: 75 | U54: 130 | V54: 62 | W54: 57 | X54: 155 | Y54: 154 | Z54: 58 | AB54: 71 | AC54: 153 | AE54: 154 | AF54: 155 | AG54: 84 | AH54: 58 | AI54: 63 | AJ54: 74 | AK54: 67 | AL54: 101 | AM54: 58 | AN54: 123 | AO54: 57 | AP54: 79 | AQ54: 60 | AS54: 67 | AT54: 123 | AU54: 59 | AV54: 57 | AW54: 57 | AX54: 57 | AY54: 56
A55: =HYPERLINK("https://arcprize.org/play?task=228f6490", 44) -> 44 | B55: 201 | C55: 623 | D55: 212 | E55: 580 | F55: 195 | G55: 623 | I55: 383 | J55: 239 | K55: 245 | L55: 310 | M55: 243 | R55: 265 | Y55: 540 | Z55: 274 | AB55: 623 | AC55: 580 | AE55: 364 | AF55: 518 | AG55: 694 | AH55: 457 | AI55: 358 | AJ55: 397 | AL55: 347 | AM55: 416 | AN55: 580 | AO55: 286 | AP55: 443 | AQ55: 318 | AS55: 276 | AT55: 580 | AU55: 223 | AV55: 262 | AW55: 290 | AX55: 253 | AY55: 191
A56: =HYPERLINK("https://arcprize.org/play?task=22eb0ac0", 45) -> 45 | B56: 45 | C56: 56 | D56: 45 | E56: 57 | F56: 45 | G56: 57 | H56: 45 | I56: 48 | J56: 45 | K56: 45 | L56: 47 | M56: 45 | N56: 52 | P56: 55 | Q56: 59 | R56: 47 | S56: 50 | T56: 48 | U56: 137 | V56: 48 | W56: 47 | X56: 137 | Y56: 137 | Z56: 45 | AB56: 73 | AC56: 67 | AD56: 48 | AE56: 67 | AF56: 137 | AG56: 49 | AH56: 45 | AI56: 47 | AJ56: 52 | AK56: 47 | AL56: 67 | AM56: 49 | AN56: 56 | AO56: 45 | AP56: 47 | AQ56: 47 | AS56: 47 | AT56: 47 | AU56: 46 | AV56: 45 | AW56: 45 | AX56: 45 | AY56: 45
A57: =HYPERLINK("https://arcprize.org/play?task=234bbc79", 46) -> 46 | B57: 166 | C57: 338 | D57: 168 | E57: 328 | F57: 168 | G57: 362 | I57: 217 | J57: 192 | K57: 211 | L57: 252 | M57: 224 | R57: 206 | Y57: 588 | Z57: 216 | AB57: 372 | AC57: 328 | AE57: 328 | AF57: 559 | AG57: 263 | AH57: 331 | AI57: 297 | AJ57: 312 | AL57: 328 | AM57: 269 | AN57: 328 | AO57: 175 | AP57: 255 | AQ57: 276 | AS57: 240 | AT57: 266 | AU57: 181 | AV57: 191 | AW57: 192 | AX57: 208 | AY57: 166
A58: =HYPERLINK("https://arcprize.org/play?task=23581191", 47) -> 47 | B58: 55 | C58: 126 | D58: 55 | E58: 126 | F58: 55 | G58: 203 | H58: 55 | I58: 72 | J58: 55 | K58: 56 | L58: 56 | M58: 55 | Q58: 207 | R58: 59 | S58: 80 | T58: 56 | U58: 192 | V58: 66 | W58: 55 | X58: 203 | Y58: 203 | Z58: 55 | AB58: 197 | AC58: 194 | AE58: 194 | AF58: 203 | AG58: 164 | AH58: 56 | AI58: 78 | AJ58: 78 | AK58: 59 | AL58: 112 | AM58: 69 | AN58: 128 | AO58: 56 | AP58: 58 | AQ58: 79 | AS58: 78 | AT58: 126 | AU58: 56 | AV58: 56 | AW58: 55 | AX58: 58 | AY58: 55
A59: =HYPERLINK("https://arcprize.org/play?task=239be575", 48) -> 48 | B59: 95 | C59: 180 | D59: 118 | E59: 180 | F59: 92 | G59: 348 | I59: 131 | J59: 128 | K59: 137 | L59: 180 | M59: 132 | Q59: 276 | R59: 127 | U59: 520 | X59: 355 | Y59: 284 | Z59: 128 | AB59: 296 | AC59: 180 | AE59: 181 | AF59: 355 | AG59: 354 | AH59: 214 | AI59: 180 | AJ59: 231 | AL59: 180 | AM59: 179 | AN59: 180 | AO59: 129 | AP59: 174 | AQ59: 153 | AS59: 134 | AT59: 180 | AU59: 125 | AV59: 129 | AW59: 118 | AX59: 141 | AY59: 89
A60: =HYPERLINK("https://arcprize.org/play?task=23b5c85d", 49) -> 49 | B60: 81 | C60: 187 | D60: 81 | E60: 187 | F60: 81 | G60: 186 | H60: 97 | I60: 101 | J60: 87 | K60: 87 | L60: 86 | M60: 86 | Q60: 124 | R60: 98 | S60: 91 | U60: 324 | V60: 86 | W60: 82 | X60: 312 | Y60: 302 | Z60: 86 | AB60: 174 | AC60: 248 | AE60: 278 | AF60: 312 | AG60: 241 | AH60: 101 | AI60: 105 | AJ60: 163 | AL60: 215 | AM60: 86 | AN60: 246 | AO60: 81 | AP60: 100 | AQ60: 104 | AS60: 100 | AT60: 187 | AU60: 81 | AV60: 81 | AW60: 81 | AX60: 86 | AY60: 81
A61: =HYPERLINK("https://arcprize.org/play?task=253bf280", 50) -> 50 | B61: 84 | C61: 192 | D61: 84 | E61: 192 | F61: 83 | G61: 266 | I61: 101 | J61: 100 | K61: 102 | L61: 100 | M61: 96 | Q61: 118 | R61: 102 | U61: 292 | V61: 102 | W61: 94 | X61: 266 | Y61: 219 | Z61: 101 | AB61: 217 | AC61: 248 | AE61: 248 | AF61: 266 | AG61: 231 | AH61: 103 | AI61: 104 | AJ61: 116 | AL61: 159 | AM61: 136 | AN61: 248 | AO61: 90 | AP61: 139 | AQ61: 142 | AS61: 97 | AT61: 156 | AU61: 92 | AV61: 90 | AW61: 91 | AX61: 100 | AY61: 83
A62: =HYPERLINK("https://arcprize.org/play?task=25d487eb", 51) -> 51 | B62: 114 | C62: 287 | D62: 111 | E62: 283 | F62: 113 | G62: 311 | I62: 145 | J62: 115 | K62: 157 | L62: 148 | M62: 138 | Q62: 273 | R62: 165 | U62: 422 | W62: 121 | X62: 328 | Y62: 325 | Z62: 121 | AB62: 302 | AC62: 303 | AE62: 303 | AF62: 328 | AG62: 190 | AH62: 191 | AI62: 195 | AJ62: 206 | AL62: 280 | AM62: 186 | AN62: 303 | AO62: 115 | AP62: 246 | AQ62: 205 | AS62: 148 | AT62: 278 | AU62: 121 | AV62: 139 | AW62: 119 | AX62: 118 | AY62: 111
A63: =HYPERLINK("https://arcprize.org/play?task=25d8a9c8", 52) -> 52 | B63: 40 | C63: 42 | D63: 40 | E63: 42 | F63: 40 | G63: 41 | H63: 40 | I63: 41 | J63: 40 | K63: 40 | L63: 40 | M63: 40 | N63: 41 | P63: 44 | Q63: 44 | R63: 41 | T63: 49 | U63: 54 | V63: 40 | W63: 40 | X63: 54 | Y63: 53 | Z63: 40 | AB63: 48 | AC63: 46 | AD63: 40 | AE63: 46 | AF63: 54 | AG63: 41 | AH63: 41 | AI63: 42 | AJ63: 42 | AK63: 41 | AL63: 43 | AM63: 41 | AN63: 46 | AO63: 40 | AP63: 41 | AQ63: 41 | AS63: 42 | AT63: 42 | AU63: 40 | AV63: 40 | AW63: 40 | AX63: 40 | AY63: 40
A64: =HYPERLINK("https://arcprize.org/play?task=25ff71a9", 53) -> 53 | B64: 21 | C64: 24 | D64: 21 | E64: 24 | F64: 21 | G64: 21 | H64: 21 | I64: 22 | J64: 21 | K64: 21 | L64: 21 | M64: 21 | N64: 24 | P64: 25 | Q64: 24 | R64: 22 | T64: 21 | U64: 58 | V64: 21 | W64: 21 | X64: 58 | Y64: 24 | Z64: 21 | AB64: 34 | AC64: 24 | AD64: 21 | AE64: 22 | AF64: 58 | AG64: 21 | AH64: 21 | AI64: 21 | AJ64: 24 | AK64: 21 | AL64: 24 | AM64: 22 | AN64: 24 | AO64: 21 | AP64: 21 | AQ64: 21 | AS64: 22 | AT64: 24 | AU64: 21 | AV64: 21 | AW64: 21 | AX64: 21 | AY64: 21
A65: =HYPERLINK("https://arcprize.org/play?task=264363fd", 54) -> 54 | B65: 266 | C65: 498 | D65: 270 | E65: 492 | F65: 279 | G65: 543 | I65: 612 | J65: 309 | K65: 342 | L65: 414 | M65: 308 | R65: 383 | Y65: 785 | Z65: 308 | AB65: 555 | AC65: 502 | AE65: 504 | AF65: 925 | AH65: 393 | AI65: 342 | AJ65: 352 | AK65: 353 | AL65: 489 | AM65: 384 | AN65: 504 | AO65: 277 | AP65: 425 | AQ65: 415 | AS65: 367 | AT65: 496 | AU65: 298 | AV65: 302 | AW65: 335 | AX65: 316 | AY65: 261
A66: =HYPERLINK("https://arcprize.org/play?task=272f95fa", 55) -> 55 | B66: 79 | C66: 235 | D66: 77 | E66: 233 | F66: 79 | G66: 263 | I66: 140 | J66: 85 | K66: 88 | L66: 105 | M66: 105 | Q66: 235 | R66: 107 | S66: 118 | U66: 362 | V66: 116 | W66: 97 | X66: 263 | Y66: 265 | Z66: 111 | AB66: 217 | AC66: 245 | AE66: 245 | AF66: 263 | AG66: 159 | AH66: 128 | AI66: 122 | AJ66: 158 | AK66: 85 | AL66: 195 | AM66: 93 | AN66: 245 | AO66: 82 | AP66: 133 | AQ66: 124 | AS66: 111 | AT66: 209 | AU66: 89 | AV66: 83 | AW66: 91 | AX66: 95 | AY66: 77
A67: =HYPERLINK("https://arcprize.org/play?task=27a28665", 56) -> 56 | B67: 40 | C67: 59 | D67: 40 | E67: 76 | F67: 40 | G67: 56 | H67: 44 | I67: 53 | J67: 42 | K67: 41 | L67: 49 | M67: 40 | Q67: 79 | R67: 44 | T67: 49 | U67: 100 | V67: 51 | W67: 46 | X67: 100 | Y67: 51 | Z67: 41 | AB67: 85 | AC67: 80 | AD67: 59 | AE67: 80 | AF67: 100 | AG67: 59 | AH67: 44 | AI67: 51 | AJ67: 51 | AK67: 43 | AL67: 70 | AM67: 55 | AN67: 80 | AO67: 39 | AP67: 46 | AQ67: 56 | AS67: 50 | AT67: 68 | AU67: 40 | AV67: 44 | AW67: 40 | AX67: 42 | AY67: 39
A68: =HYPERLINK("https://arcprize.org/play?task=28bf18c6", 57) -> 57 | B68: 48 | C68: 62 | D68: 49 | E68: 68 | F68: 48 | G68: 74 | H68: 59 | I68: 80 | J68: 53 | K68: 51 | L68: 51 | M68: 49 | Q68: 89 | R68: 55 | T68: 182 | U68: 115 | V68: 64 | W68: 49 | X68: 115 | Y68: 115 | Z68: 54 | AB68: 115 | AC68: 108 | AD68: 62 | AE68: 108 | AF68: 115 | AG68: 63 | AH68: 63 | AI68: 55 | AJ68: 81 | AK68: 55 | AL68: 100 | AM68: 55 | AN68: 108 | AO68: 54 | AP68: 55 | AQ68: 55 | AS68: 51 | AT68: 68 | AU68: 54 | AV68: 51 | AW68: 51 | AX68: 55 | AY68: 48
A69: =HYPERLINK("https://arcprize.org/play?task=28e73c20", 58) -> 58 | B69: 86 | C69: 200 | D69: 85 | E69: 200 | F69: 88 | G69: 265 | I69: 155 | J69: 103 | K69: 112 | L69: 123 | M69: 123 | Q69: 218 | R69: 156 | U69: 277 | X69: 267 | Y69: 272 | Z69: 106 | AB69: 252 | AC69: 241 | AE69: 241 | AF69: 267 | AG69: 149 | AH69: 129 | AI69: 197 | AJ69: 227 | AL69: 139 | AM69: 118 | AN69: 241 | AO69: 99 | AP69: 137 | AQ69: 110 | AS69: 123 | AT69: 207 | AU69: 90 | AV69: 89 | AW69: 102 | AX69: 107 | AY69: 85
A70: =HYPERLINK("https://arcprize.org/play?task=29623171", 59) -> 59 | B70: 151 | C70: 244 | D70: 153 | E70: 244 | F70: 155 | G70: 283 | I70: 227 | J70: 178 | K70: 169 | L70: 195 | M70: 178 | Q70: 234 | R70: 174 | U70: 369 | W70: 180 | X70: 291 | Y70: 270 | Z70: 176 | AB70: 231 | AC70: 255 | AE70: 255 | AF70: 291 | AG70: 276 | AH70: 173 | AI70: 202 | AJ70: 206 | AL70: 246 | AM70: 173 | AN70: 255 | AO70: 163 | AP70: 193 | AQ70: 204 | AS70: 185 | AT70: 244 | AU70: 169 | AV70: 163 | AW70: 173 | AX70: 173 | AY70: 151
A71: =HYPERLINK("https://arcprize.org/play?task=29c11459", 60) -> 60 | B71: 47 | C71: 57 | D71: 47 | E71: 56 | F71: 47 | G71: 66 | H71: 50 | I71: 52 | J71: 47 | K71: 48 | L71: 50 | M71: 47 | P71: 58 | Q71: 59 | R71: 51 | S71: 52 | T71: 57 | U71: 155 | V71: 53 | W71: 48 | X71: 164 | Y71: 91 | Z71: 49 | AB71: 66 | AC71: 68 | AD71: 55 | AE71: 68 | AF71: 164 | AG71: 56 | AH71: 50 | AI71: 53 | AJ71: 53 | AK71: 48 | AL71: 68 | AM71: 55 | AN71: 68 | AO71: 47 | AP71: 50 | AQ71: 50 | AS71: 56 | AT71: 57 | AU71: 48 | AV71: 48 | AW71: 48 | AX71: 50 | AY71: 47
A72: =HYPERLINK("https://arcprize.org/play?task=29ec7d0e", 61) -> 61 | B72: 63 | C72: 157 | D72: 63 | E72: 257 | F72: 62 | G72: 262 | I72: 128 | J72: 63 | K72: 63 | L72: 67 | M72: 63 | Q72: 67 | R72: 63 | S72: 187 | T72: 161 | U72: 364 | V72: 67 | W72: 63 | X72: 291 | Y72: 297 | Z72: 63 | AB72: 165 | AC72: 257 | AE72: 257 | AF72: 291 | AG72: 176 | AH72: 63 | AI72: 63 | AJ72: 173 | AL72: 132 | AM72: 62 | AN72: 257 | AO72: 62 | AP72: 63 | AQ72: 64 | AS72: 63 | AT72: 253 | AU72: 63 | AV72: 62 | AW72: 63 | AX72: 63 | AY72: 62
A73: =HYPERLINK("https://arcprize.org/play?task=2bcee788", 62) -> 62 | B73: 123 | C73: 301 | D73: 121 | E73: 290 | F73: 127 | G73: 307 | I73: 151 | J73: 154 | K73: 163 | L73: 208 | M73: 167 | Q73: 321 | R73: 161 | Y73: 527 | Z73: 154 | AB73: 317 | AC73: 290 | AE73: 290 | AF73: 465 | AG73: 251 | AH73: 270 | AI73: 164 | AJ73: 265 | AL73: 280 | AM73: 282 | AN73: 290 | AO73: 185 | AP73: 257 | AQ73: 230 | AS73: 169 | AT73: 290 | AU73: 145 | AV73: 162 | AW73: 140 | AX73: 157 | AY73: 121
A74: =HYPERLINK("https://arcprize.org/play?task=2bee17df", 63) -> 63 | B74: 74 | C74: 136 | D74: 75 | E74: 137 | F74: 76 | G74: 220 | I74: 101 | J74: 78 | K74: 78 | L74: 86 | M74: 76 | Q74: 230 | R74: 86 | S74: 109 | U74: 238 | V74: 87 | X74: 225 | Y74: 198 | Z74: 79 | AB74: 153 | AC74: 211 | AE74: 211 | AF74: 225 | AG74: 141 | AH74: 91 | AI74: 92 | AJ74: 110 | AL74: 135 | AM74: 99 | AN74: 137 | AO74: 77 | AP74: 119 | AQ74: 137 | AS74: 85 | AT74: 137 | AU74: 79 | AV74: 77 | AW74: 79 | AX74: 80 | AY74: 74
A75: =HYPERLINK("https://arcprize.org/play?task=2c608aff", 64) -> 64 | B75: 135 | C75: 425 | D75: 152 | E75: 382 | F75: 146 | G75: 421 | I75: 163 | J75: 155 | K75: 174 | L75: 186 | M75: 169 | Q75: 280 | R75: 191 | W75: 187 | Y75: 490 | Z75: 163 | AB75: 412 | AC75: 391 | AE75: 391 | AF75: 677 | AG75: 239 | AH75: 279 | AI75: 206 | AJ75: 237 | AL75: 228 | AM75: 239 | AN75: 391 | AO75: 169 | AP75: 328 | AQ75: 221 | AS75: 185 | AT75: 318 | AU75: 164 | AV75: 174 | AW75: 154 | AX75: 176 | AY75: 135
A76: =HYPERLINK("https://arcprize.org/play?task=2dc579da", 65) -> 65 | B76: 82 | C76: 255 | D76: 84 | E76: 153 | F76: 84 | G76: 239 | I76: 109 | J76: 109 | K76: 107 | L76: 118 | M76: 108 | N76: 122 | Q76: 118 | R76: 106 | S76: 109 | T76: 147 | U76: 248 | W76: 130 | X76: 257 | Y76: 261 | Z76: 106 | AB76: 229 | AC76: 236 | AE76: 236 | AF76: 257 | AG76: 138 | AH76: 107 | AI76: 107 | AJ76: 150 | AL76: 206 | AM76: 108 | AN76: 236 | AO76: 102 | AP76: 112 | AQ76: 127 | AS76: 122 | AT76: 220 | AU76: 107 | AV76: 102 | AW76: 106 | AX76: 106 | AY76: 82
A77: =HYPERLINK("https://arcprize.org/play?task=2dd70a9a", 66) -> 66 | B77: 240 | C77: 539 | D77: 244 | E77: 599 | F77: 237 | G77: 528 | I77: 303 | J77: 250 | K77: 313 | L77: 349 | M77: 307 | N77: 506 | R77: 332 | Y77: 584 | Z77: 276 | AB77: 452 | AC77: 549 | AE77: 349 | AF77: 534 | AG77: 436 | AH77: 306 | AI77: 326 | AJ77: 338 | AL77: 333 | AM77: 362 | AN77: 508 | AO77: 250 | AP77: 426 | AQ77: 369 | AS77: 290 | AT77: 350 | AU77: 282 | AV77: 266 | AW77: 327 | AX77: 320 | AY77: 232
A78: =HYPERLINK("https://arcprize.org/play?task=2dee498d", 67) -> 67 | B78: 33 | C78: 33 | D78: 33 | E78: 33 | F78: 33 | G78: 33 | H78: 33 | I78: 33 | J78: 33 | K78: 33 | L78: 33 | M78: 33 | N78: 33 | P78: 37 | Q78: 33 | R78: 33 | S78: 33 | T78: 36 | U78: 43 | V78: 33 | W78: 33 | X78: 43 | Y78: 39 | Z78: 33 | AB78: 35 | AC78: 33 | AD78: 33 | AE78: 33 | AF78: 43 | AG78: 33 | AH78: 33 | AI78: 33 | AJ78: 33 | AK78: 33 | AL78: 33 | AM78: 33 | AN78: 33 | AO78: 33 | AP78: 33 | AQ78: 33 | AS78: 33 | AT78: 33 | AU78: 33 | AV78: 33 | AW78: 33 | AX78: 33 | AY78: 33
A79: =HYPERLINK("https://arcprize.org/play?task=31aa019c", 68) -> 68 | B79: 99 | C79: 266 | D79: 103 | E79: 263 | F79: 112 | G79: 285 | I79: 159 | J79: 128 | K79: 118 | L79: 142 | M79: 137 | Q79: 174 | R79: 137 | S79: 184 | U79: 322 | W79: 118 | X79: 290 | Y79: 244 | Z79: 132 | AB79: 221 | AC79: 261 | AE79: 263 | AF79: 290 | AG79: 150 | AH79: 137 | AI79: 150 | AJ79: 184 | AL79: 194 | AM79: 136 | AN79: 263 | AO79: 116 | AP79: 154 | AQ79: 151 | AS79: 158 | AT79: 170 | AU79: 129 | AV79: 122 | AW79: 122 | AX79: 136 | AY79: 99
A80: =HYPERLINK("https://arcprize.org/play?task=321b1fc6", 69) -> 69 | B80: 148 | C80: 238 | D80: 150 | E80: 216 | F80: 143 | G80: 227 | I80: 212 | J80: 181 | K80: 157 | L80: 162 | M80: 174 | Q80: 234 | R80: 189 | U80: 273 | X80: 230 | Y80: 238 | Z80: 158 | AB80: 227 | AC80: 216 | AE80: 216 | AF80: 227 | AG80: 189 | AH80: 189 | AI80: 199 | AJ80: 226 | AL80: 216 | AM80: 198 | AN80: 216 | AO80: 155 | AP80: 201 | AQ80: 182 | AS80: 186 | AT80: 211 | AU80: 168 | AV80: 158 | AW80: 175 | AX80: 171 | AY80: 143
A81: =HYPERLINK("https://arcprize.org/play?task=32597951", 70) -> 70 | B81: 80 | C81: 164 | D81: 82 | E81: 164 | F81: 78 | G81: 234 | I81: 163 | J81: 87 | K81: 114 | L81: 123 | M81: 90 | Q81: 243 | R81: 109 | S81: 181 | T81: 260 | U81: 208 | X81: 234 | Y81: 211 | Z81: 111 | AB81: 191 | AC81: 217 | AE81: 217 | AF81: 234 | AG81: 143 | AH81: 164 | AI81: 151 | AJ81: 188 | AL81: 164 | AM81: 117 | AN81: 164 | AO81: 112 | AP81: 164 | AQ81: 130 | AS81: 123 | AT81: 164 | AU81: 92 | AV81: 100 | AW81: 89 | AX81: 104 | AY81: 78
A82: =HYPERLINK("https://arcprize.org/play?task=3345333e", 71) -> 71 | B82: 115 | C82: 467 | D82: 104 | E82: 450 | F82: 118 | G82: 352 | I82: 244 | J82: 119 | K82: 121 | L82: 124 | M82: 117 | Q82: 267 | R82: 131 | Y82: 509 | Z82: 123 | AB82: 367 | AC82: 342 | AE82: 157 | AF82: 362 | AH82: 134 | AI82: 231 | AJ82: 331 | AL82: 310 | AM82: 119 | AN82: 450 | AO82: 100 | AP82: 241 | AQ82: 146 | AS82: 127 | AT82: 292 | AU82: 133 | AV82: 118 | AW82: 115 | AX82: 165 | AY82: 99
A83: =HYPERLINK("https://arcprize.org/play?task=3428a4f5", 72) -> 72 | B83: 54 | C83: 73 | D83: 54 | E83: 73 | F83: 54 | G83: 67 | H83: 62 | I83: 64 | J83: 60 | K83: 60 | L83: 60 | M83: 60 | N83: 75 | P83: 75 | Q83: 71 | R83: 60 | S83: 68 | T83: 72 | U83: 79 | V83: 62 | W83: 62 | X83: 79 | Y83: 79 | Z83: 60 | AB83: 79 | AC83: 73 | AD83: 68 | AE83: 63 | AF83: 79 | AG83: 60 | AH83: 60 | AI83: 66 | AJ83: 69 | AK83: 64 | AL83: 73 | AM83: 60 | AN83: 73 | AO83: 60 | AP83: 73 | AQ83: 60 | AS83: 63 | AT83: 73 | AU83: 62 | AV83: 60 | AW83: 54 | AX83: 60 | AY83: 54
A84: =HYPERLINK("https://arcprize.org/play?task=3618c87e", 73) -> 73 | B84: 46 | C84: 76 | D84: 46 | E84: 76 | F84: 46 | G84: 76 | H84: 46 | I84: 46 | J84: 46 | K84: 46 | L84: 46 | M84: 46 | Q84: 77 | R84: 46 | S84: 57 | T84: 85 | U84: 94 | V84: 48 | W84: 47 | X84: 117 | Y84: 117 | Z84: 46 | AB84: 68 | AC84: 76 | AD84: 46 | AE84: 76 | AF84: 117 | AG84: 46 | AH84: 46 | AI84: 63 | AJ84: 63 | AK84: 49 | AL84: 76 | AM84: 47 | AN84: 76 | AO84: 46 | AP84: 47 | AQ84: 46 | AS84: 46 | AT84: 76 | AU84: 46 | AV84: 46 | AW84: 46 | AX84: 46 | AY84: 46
A85: =HYPERLINK("https://arcprize.org/play?task=3631a71a", 74) -> 74 | B85: 77 | C85: 286 | D85: 77 | E85: 335 | F85: 77 | G85: 224 | I85: 110 | J85: 99 | K85: 100 | L85: 94 | M85: 83 | P85: 368 | Q85: 225 | R85: 89 | V85: 128 | Y85: 283 | Z85: 81 | AB85: 216 | AC85: 335 | AE85: 94 | AF85: 287 | AG85: 150 | AH85: 137 | AI85: 160 | AJ85: 167 | AL85: 178 | AM85: 118 | AN85: 335 | AO85: 89 | AP85: 153 | AQ85: 161 | AS85: 141 | AT85: 129 | AU85: 81 | AV85: 102 | AW85: 112 | AX85: 118 | AY85: 77
A86: =HYPERLINK("https://arcprize.org/play?task=363442ee", 75) -> 75 | B86: 86 | C86: 219 | D86: 86 | E86: 204 | F86: 86 | G86: 169 | I86: 99 | J86: 86 | K86: 86 | L86: 95 | M86: 86 | Q86: 121 | R86: 86 | S86: 137 | U86: 219 | V86: 103 | X86: 223 | Y86: 155 | Z86: 86 | AB86: 161 | AC86: 208 | AE86: 208 | AF86: 223 | AG86: 116 | AH86: 99 | AI86: 109 | AJ86: 131 | AL86: 192 | AM86: 109 | AN86: 208 | AO86: 86 | AP86: 126 | AQ86: 117 | AS86: 100 | AT86: 136 | AU86: 88 | AV86: 86 | AW86: 86 | AX86: 98 | AY86: 86
A87: =HYPERLINK("https://arcprize.org/play?task=36d67576", 76) -> 76 | B87: 258 | C87: 484 | D87: 269 | E87: 420 | F87: 264 | G87: 458 | J87: 320 | K87: 282 | L87: 356 | M87: 326 | Q87: 440 | R87: 299 | Y87: 988 | Z87: 302 | AB87: 650 | AC87: 420 | AE87: 356 | AF87: 762 | AH87: 330 | AI87: 386 | AJ87: 416 | AL87: 420 | AM87: 433 | AN87: 420 | AO87: 328 | AP87: 412 | AQ87: 413 | AS87: 326 | AT87: 420 | AU87: 286 | AV87: 279 | AW87: 270 | AX87: 341 | AY87: 254
A88: =HYPERLINK("https://arcprize.org/play?task=36fdfd69", 77) -> 77 | B88: 124 | C88: 420 | D88: 110 | E88: 558 | F88: 124 | G88: 597 | J88: 126 | K88: 214 | L88: 174 | M88: 125 | Q88: 666 | R88: 128 | Y88: 470 | Z88: 127 | AB88: 368 | AC88: 381 | AE88: 357 | AF88: 665 | AG88: 242 | AH88: 202 | AI88: 223 | AJ88: 314 | AL88: 241 | AM88: 260 | AN88: 558 | AO88: 125 | AP88: 269 | AQ88: 196 | AS88: 149 | AT88: 304 | AU88: 128 | AV88: 135 | AW88: 130 | AX88: 148 | AY88: 110
A89: =HYPERLINK("https://arcprize.org/play?task=3906de3d", 78) -> 78 | B89: 60 | C89: 102 | D89: 59 | E89: 102 | F89: 60 | G89: 92 | H89: 61 | I89: 65 | J89: 61 | K89: 61 | L89: 61 | M89: 60 | P89: 111 | Q89: 82 | R89: 61 | S89: 83 | T89: 167 | U89: 140 | V89: 87 | W89: 61 | X89: 165 | Y89: 165 | Z89: 61 | AB89: 130 | AC89: 102 | AD89: 65 | AE89: 102 | AF89: 165 | AG89: 78 | AH89: 71 | AI89: 69 | AJ89: 102 | AL89: 102 | AM89: 61 | AN89: 102 | AO89: 60 | AP89: 61 | AQ89: 61 | AS89: 65 | AT89: 102 | AU89: 62 | AV89: 60 | AW89: 60 | AX89: 61 | AY89: 59
A90: =HYPERLINK("https://arcprize.org/play?task=39a8645d", 79) -> 79 | B90: 107 | C90: 261 | D90: 105 | E90: 240 | F90: 121 | G90: 264 | I90: 123 | J90: 123 | K90: 125 | L90: 123 | M90: 123 | Q90: 215 | R90: 129 | T90: 225 | Y90: 504 | Z90: 137 | AB90: 331 | AC90: 240 | AE90: 240 | AF90: 425 | AG90: 2178 | AH90: 309 | AI90: 128 | AJ90: 247 | AL90: 239 | AM90: 172 | AN90: 240 | AO90: 123 | AP90: 123 | AQ90: 243 | AS90: 177 | AT90: 240 | AU90: 123 | AV90: 123 | AW90: 123 | AX90: 123 | AY90: 105
A91: =HYPERLINK("https://arcprize.org/play?task=39e1d7f9", 80) -> 80 | B91: 232 | C91: 449 | D91: 231 | E91: 435 | F91: 243 | G91: 435 | J91: 256 | K91: 264 | L91: 284 | M91: 286 | R91: 291 | S91: 548 | Y91: 420 | Z91: 263 | AB91: 609 | AC91: 435 | AE91: 284 | AF91: 562 | AH91: 360 | AI91: 366 | AJ91: 388 | AL91: 435 | AM91: 288 | AN91: 435 | AO91: 253 | AP91: 394 | AQ91: 307 | AS91: 255 | AT91: 435 | AU91: 255 | AV91: 240 | AW91: 256 | AX91: 239 | AY91: 223
A92: =HYPERLINK("https://arcprize.org/play?task=3aa6fb7a", 81) -> 81 | B92: 90 | C92: 155 | D92: 83 | E92: 155 | F92: 81 | G92: 212 | I92: 138 | J92: 96 | K92: 99 | L92: 106 | M92: 95 | Q92: 190 | R92: 98 | S92: 150 | T92: 158 | U92: 324 | V92: 122 | W92: 97 | X92: 297 | Y92: 286 | Z92: 94 | AB92: 169 | AC92: 273 | AE92: 276 | AF92: 297 | AG92: 148 | AH92: 131 | AI92: 109 | AJ92: 186 | AL92: 192 | AM92: 134 | AN92: 258 | AO92: 95 | AP92: 143 | AQ92: 130 | AS92: 96 | AT92: 155 | AU92: 95 | AV92: 96 | AW92: 91 | AX92: 119 | AY92: 81
A93: =HYPERLINK("https://arcprize.org/play?task=3ac3eb23", 82) -> 82 | B93: 50 | C93: 109 | D93: 50 | E93: 109 | F93: 50 | G93: 109 | H93: 50 | I93: 58 | J93: 50 | K93: 50 | L93: 50 | M93: 50 | P93: 90 | Q93: 110 | R93: 52 | S93: 88 | T93: 58 | U93: 189 | V93: 50 | W93: 50 | X93: 199 | Y93: 156 | Z93: 50 | AB93: 110 | AC93: 109 | AD93: 55 | AE93: 60 | AF93: 199 | AG93: 60 | AH93: 50 | AI93: 60 | AJ93: 109 | AK93: 60 | AL93: 105 | AM93: 50 | AN93: 109 | AO93: 50 | AP93: 50 | AQ93: 60 | AS93: 50 | AT93: 109 | AU93: 50 | AV93: 50 | AW93: 50 | AX93: 50 | AY93: 50
A94: =HYPERLINK("https://arcprize.org/play?task=3af2c5a8", 83) -> 83 | B94: 40 | C94: 40 | D94: 40 | E94: 40 | F94: 40 | G94: 40 | H94: 40 | I94: 40 | J94: 40 | K94: 40 | L94: 40 | M94: 40 | N94: 40 | P94: 41 | Q94: 40 | R94: 40 | S94: 45 | T94: 40 | U94: 40 | V94: 40 | W94: 40 | X94: 49 | Y94: 49 | Z94: 40 | AB94: 41 | AC94: 40 | AD94: 40 | AE94: 40 | AF94: 49 | AG94: 40 | AH94: 40 | AI94: 40 | AJ94: 40 | AK94: 40 | AL94: 40 | AM94: 40 | AN94: 40 | AO94: 40 | AP94: 40 | AQ94: 40 | AS94: 40 | AT94: 40 | AU94: 40 | AV94: 40 | AW94: 40 | AX94: 40 | AY94: 40
A95: =HYPERLINK("https://arcprize.org/play?task=3bd67248", 84) -> 84 | B95: 62 | C95: 69 | D95: 62 | E95: 72 | F95: 62 | G95: 72 | H95: 77 | I95: 82 | J95: 62 | K95: 63 | L95: 63 | M95: 62 | N95: 89 | Q95: 74 | R95: 64 | T95: 69 | U95: 76 | V95: 63 | W95: 62 | X95: 84 | Y95: 84 | Z95: 63 | AB95: 68 | AC95: 72 | AD95: 69 | AE95: 72 | AF95: 84 | AG95: 69 | AH95: 65 | AI95: 67 | AJ95: 72 | AL95: 69 | AM95: 65 | AN95: 72 | AO95: 62 | AP95: 64 | AQ95: 66 | AS95: 67 | AT95: 72 | AU95: 64 | AV95: 62 | AW95: 62 | AX95: 63 | AY95: 62
A96: =HYPERLINK("https://arcprize.org/play?task=3bdb4ada", 85) -> 85 | B96: 49 | C96: 89 | D96: 49 | E96: 89 | F96: 49 | G96: 271 | I96: 110 | J96: 81 | K96: 82 | L96: 72 | M96: 73 | Q96: 126 | R96: 66 | S96: 143 | T96: 84 | U96: 297 | V96: 112 | W96: 62 | X96: 271 | Y96: 221 | Z96: 59 | AB96: 204 | AC96: 252 | AE96: 252 | AF96: 271 | AG96: 113 | AH96: 103 | AI96: 85 | AJ96: 165 | AK96: 69 | AL96: 89 | AM96: 64 | AN96: 89 | AO96: 59 | AP96: 89 | AQ96: 89 | AS96: 88 | AT96: 89 | AU96: 56 | AV96: 62 | AW96: 49 | AX96: 86 | AY96: 49
A97: =HYPERLINK("https://arcprize.org/play?task=3befdf3e", 86) -> 86 | B97: 166 | C97: 518 | D97: 151 | E97: 478 | F97: 154 | G97: 510 | J97: 224 | K97: 217 | L97: 252 | M97: 232 | R97: 223 | Y97: 473 | Z97: 211 | AB97: 457 | AC97: 478 | AE97: 252 | AF97: 412 | AH97: 279 | AI97: 257 | AJ97: 305 | AL97: 299 | AM97: 267 | AN97: 476 | AO97: 221 | AP97: 327 | AQ97: 244 | AS97: 222 | AT97: 478 | AU97: 211 | AV97: 206 | AW97: 226 | AX97: 249 | AY97: 151
A98: =HYPERLINK("https://arcprize.org/play?task=3c9b0459", 87) -> 87 | B98: 36 | C98: 36 | D98: 36 | E98: 36 | F98: 36 | G98: 36 | H98: 36 | I98: 36 | J98: 36 | K98: 36 | L98: 36 | M98: 36 | P98: 37 | Q98: 36 | R98: 36 | S98: 36 | T98: 36 | U98: 36 | V98: 36 | W98: 36 | X98: 36 | Y98: 36 | Z98: 36 | AB98: 36 | AC98: 36 | AD98: 36 | AE98: 36 | AF98: 36 | AG98: 36 | AH98: 36 | AI98: 36 | AJ98: 36 | AK98: 36 | AL98: 36 | AM98: 36 | AN98: 36 | AO98: 36 | AP98: 36 | AQ98: 36 | AS98: 36 | AT98: 36 | AU98: 36 | AV98: 36 | AW98: 36 | AX98: 36 | AY98: 36
A99: =HYPERLINK("https://arcprize.org/play?task=3de23699", 88) -> 88 | B99: 98 | C99: 327 | D99: 100 | E99: 197 | F99: 95 | G99: 297 | J99: 110 | K99: 108 | L99: 136 | M99: 102 | Q99: 231 | R99: 119 | S99: 149 | U99: 342 | V99: 136 | W99: 112 | X99: 321 | Y99: 263 | Z99: 100 | AB99: 240 | AC99: 289 | AE99: 289 | AF99: 321 | AG99: 158 | AH99: 135 | AI99: 174 | AJ99: 240 | AL99: 212 | AM99: 143 | AN99: 262 | AO99: 106 | AP99: 168 | AQ99: 158 | AS99: 131 | AT99: 214 | AU99: 106 | AV99: 110 | AW99: 105 | AX99: 146 | AY99: 95
A100: =HYPERLINK("https://arcprize.org/play?task=3e980e27", 89) -> 89 | B100: 233 | C100: 553 | D100: 232 | E100: 543 | F100: 233 | G100: 587 | J100: 279 | K100: 265 | L100: 325 | M100: 272 | Q100: 379 | R100: 332 | Y100: 480 | Z100: 269 | AB100: 393 | AC100: 543 | AE100: 325 | AF100: 507 | AH100: 326 | AI100: 319 | AJ100: 355 | AL100: 368 | AM100: 292 | AN100: 543 | AO100: 260 | AP100: 424 | AQ100: 298 | AS100: 307 | AT100: 466 | AU100: 243 | AV100: 251 | AW100: 277 | AX100: 305 | AY100: 229
A101: =HYPERLINK("https://arcprize.org/play?task=3eda0437", 90) -> 90 | B101: 147 | C101: 254 | D101: 153 | E101: 275 | F101: 158 | G101: 283 | J101: 190 | K101: 199 | L101: 224 | M101: 197 | R101: 190 | S101: 272 | Y101: 361 | Z101: 195 | AB101: 244 | AC101: 271 | AE101: 230 | AF101: 312 | AG101: 263 | AH101: 211 | AI101: 226 | AJ101: 265 | AL101: 263 | AM101: 212 | AN101: 275 | AO101: 190 | AP101: 232 | AQ101: 232 | AS101: 227 | AT101: 235 | AU101: 182 | AV101: 184 | AW101: 175 | AX101: 180 | AY101: 146
A102: =HYPERLINK("https://arcprize.org/play?task=3f7978a0", 91) -> 91 | B102: 62 | C102: 123 | D102: 62 | E102: 123 | F102: 62 | G102: 199 | J102: 63 | K102: 64 | L102: 120 | M102: 63 | P102: 142 | Q102: 139 | R102: 86 | S102: 210 | U102: 206 | V102: 127 | X102: 238 | Y102: 236 | Z102: 64 | AB102: 150 | AC102: 192 | AE102: 192 | AF102: 238 | AG102: 119 | AH102: 110 | AI102: 123 | AJ102: 167 | AL102: 124 | AM102: 110 | AN102: 124 | AO102: 64 | AP102: 118 | AQ102: 110 | AS102: 92 | AT102: 124 | AU102: 63 | AV102: 69 | AW102: 63 | AX102: 109 | AY102: 62
...

Sheet Post-comp diamonds
F1: Competition Best | G1: Post-comp best | H1: Δ | J1: Total Δ | K1: =sum(D2:D401) -> 280
A2: =Scores!A12 -> 1 | B2: =Compilation!B9 -> 58 | C2: =Scores!AY12 -> 58 | D2: =B2-C2 -> 0 | E2: {=sort(A2:D401,4,false)} -> 277 | F2: 155 | G2: 109 | H2: 46 | J2: Score | K2: =1000000-sum(C2:C401) -> 963477
A3: =Scores!A13 -> 2 | B3: =Compilation!B10 -> 86 | C3: =Scores!AY13 -> 85 | D3: =B3-C3 -> 1 | E3: 255 | F3: 212 | G3: 194 | H3: 18
A4: =Scores!A14 -> 3 | B4: =Compilation!B11 -> 58 | C4: =Scores!AY14 -> 58 | D4: =B4-C4 -> 0 | E4: 349 | F4: 172 | G4: 162 | H4: 10
A5: =Scores!A15 -> 4 | B5: =Compilation!B12 -> 73 | C5: =Scores!AY15 -> 73 | D5: =B5-C5 -> 0 | E5: 324 | F5: 216 | G5: 207 | H5: 9
A6: =Scores!A16 -> 5 | B6: =Compilation!B13 -> 166 | C6: =Scores!AY16 -> 166 | D6: =B6-C6 -> 0 | E6: 387 | F6: 192 | G6: 183 | H6: 9
A7: =Scores!A17 -> 6 | B7: =Compilation!B14 -> 49 | C7: =Scores!AY17 -> 49 | D7: =B7-C7 -> 0 | E7: 80 | F7: 231 | G7: 223 | H7: 8
A8: =Scores!A18 -> 7 | B8: =Compilation!B15 -> 62 | C8: =Scores!AY18 -> 62 | D8: =B8-C8 -> 0 | E8: 154 | F8: 96 | G8: 88 | H8: 8
A9: =Scores!A19 -> 8 | B9: =Compilation!B16 -> 84 | C9: =Scores!AY19 -> 83 | D9: =B9-C9 -> 1 | E9: 219 | F9: 241 | G9: 233 | H9: 8
A10: =Scores!A20 -> 9 | B10: =Compilation!B17 -> 95 | C10: =Scores!AY20 -> 95 | D10: =B10-C10 -> 0 | E10: 18 | F10: 275 | G10: 268 | H10: 7
A11: =Scores!A21 -> 10 | B11: =Compilation!B18 -> 66 | C11: =Scores!AY21 -> 66 | D11: =B11-C11 -> 0 | E11: 157 | F11: 237 | G11: 230 | H11: 7
A12: =Scores!A22 -> 11 | B12: =Compilation!B19 -> 114 | C12: =Scores!AY22 -> 113 | D12: =B12-C12 -> 1 | E12: 158 | F12: 260 | G12: 253 | H12: 7
A13: =Scores!A23 -> 12 | B13: =Compilation!B20 -> 122 | C13: =Scores!AY23 -> 122 | D13: =B13-C13 -> 0 | E13: 196 | F13: 105 | G13: 99 | H13: 6
A14: =Scores!A24 -> 13 | B14: =Compilation!B21 -> 124 | C14: =Scores!AY24 -> 124 | D14: =B14-C14 -> 0 | E14: 366 | F14: 301 | G14: 295 | H14: 6
... A401: =Scores!A411 -> 400 | B401: =Compilation!B408 -> 66 | C401: =Scores!AY411 -> 66 | D401: =B401-C401 -> 0 | E401: 400 | F401: 66 | G401: 66 | H401: 0

Sheet Compilation
B1: BEST | C1: AVERAGE | D1: TOTAL | E1: WORST | S1: SHORTEST | W1: LONGEST | AA1: SOLUTIONS
K2: ox jam | L2: has solved | M2: =K4/400 -> 1 | N2: of all tasks
A3: SCORE | B3: =sum(C9:C408) -> 963197 | C3: =AVERAGE(Scores!B2:AE2) -> 761149.57 | D3: =sum(Scores!B2:AE2) -> 37296329 | E3: {=sum(byrow(Scores!B12:AE411,lambda(row,let(score,max(row),if(score,max(2500-score,1),0)))))} -> 867129 | K3: SOLVED | L3: UNSOLVED
A4: COUNT | B4: =IFERROR(__xludf.DUMMYFUNCTION("rows(filter(A9:A408,not(B9:B408="""")))"),400.0) -> 400 | C4: =AVERAGE(Scores!B4:AE4) -> 323.73469 | D4: =IFERROR(__xludf.DUMMYFUNCTION("rows(let(a,FLATTEN(Scores!B12:AE411),filter(a,a)))"),15863.0) -> 15863 | E4: 400 | K4: =IFERROR(__xludf.DUMMYFUNCTION("rows(filter(K9:K408,K9:K408))"),400.0) -> 400 | L4: =IFERROR(__xludf.DUMMYFUNCTION("IFERROR(ROWS(FILTER(L9:L408, L9:L408)), 0) "),0.0) -> 0
A5: SUM | B5: =sum(B9:B408) -> 36803 | C5: =AVERAGE(Scores!B5:AE5) -> 48217.184 | D5: =IFERROR(__xludf.DUMMYFUNCTION("SUM(FLATTEN(Scores!B12:AE411))"),2362642.0) -> 2362642 | E5: {=sum(byrow(Scores!B12:AE411,lambda(row,max(row))))} -> 134342
A6: AVG | B6: =AVERAGE(B9:B408) -> 92.0075 | C6: =AVERAGE(Scores!B6:AE6) -> 143.64994 | D6: =IFERROR(__xludf.DUMMYFUNCTION("AVERAGE(let(a,FLATTEN(Scores!B12:AE411),filter(a,a)))"),148.94042740969553) -> 148.94043 | E6: {=AVERAGE(byrow(Scores!B12:AE411,lambda(row,max(row))))} -> 335.855
A8: TASK | B8: BEST | C8: SCORE | D8: LEADER | E8: 💎 | F8: 🥇 | G8: 🥈 | H8: 🥉 | I8: SOLUTIONS | J8: GOLDS | K8: TASK | L8: TASK | O8: Length | P8: Count | S8: TASK | T8: LENGTH | U8: SCORE | W8: TASK | X8: LENGTH | Y8: SCORE | AA8: TASK | AB8: SOLUTIONS | AC8: LENGTH
A9: =HYPERLINK("https://arcprize.org/play?task=007bbfb7", 1) -> 1 | B9: =IFERROR(__xludf.DUMMYFUNCTION("min(filter(Scores!B12:AX12,Scores!B12:AX12>0))"),58.0) -> 58 | C9: {=IF(B9:B408="","",IF(2500-B9:B408<=1,1,2500-B9:B408))} -> 2442 | D9: {=if(B9,if(countif(Scores!B12:AX12,B9)=1,concat("💎",XLOOKUP(B9,Scores!B12:AX12,Scores!B$1:AX$1)),concat("🥇 x",countif(Scores!B12:AX12,B9))),"")} -> 🥇 x3 | E9: =if(countif(Scores!B12:AX12,B9)=1,F9,-1) -> -1 | F9: =if(B9,B9,-1) -> 58 | G9: =IFERROR(__xludf.DUMMYFUNCTION("if(iferror(small(filter(Scores!B12:AX12,Scores!B12:AX12>0),2),-1)<>F9,iferror(small(filter(Scores!B12:AX12,Scores!B12:AX12>0),2),-1),-1)"),-1.0) -> -1 | H9: =IFERROR(__xludf.DUMMYFUNCTION("if(iferror(small(filter(Scores!B12:AX12,Scores!B12:AX12>0),3),-1)<>iferror(small(filter(Scores!B12:AX12,Scores!B12:AX12>0),2),-1),iferror(small(filter(Scores!B12:AX12,Scores!B12:AX12>0),3),-1),-1)"),-1.0) -> -1 | I9: =IFERROR(__xludf.DUMMYFUNCTION("IFERROR(COLUMNS(filter(Scores!B12:AE12,Scores!B12:AE12)),"""")"),48.0) -> 48 | J9: =COUNTIF(Scores!B12:AX12,B9) -> 3 | K9: =IFERROR(__xludf.DUMMYFUNCTION("let(a,xlookup(K2,Scores!B1:AE1,Scores!B12:AE411),filter(A9:A408,not(a="""")))"),1.0) -> 1 | L9: =IFERROR(__xludf.DUMMYFUNCTION("IFERROR(LET(a, XLOOKUP(K2, Scores!B1:AE1, Scores!B12:AE411), FILTER(A9:A408, a="""")), """") "),"") | N9: 1 | O9: =CONCATENATE(N9,IF(N10<1000,concat("-",N10-1),"+")) -> 1-9 | P9: =countif($B$9:$B$408,concat(">=",N9))-countif($B$9:$B$408,concat(">=",N10)) -> 0 | S9: {=sort(A9:C408,2,true)} -> 155 | T9: 18 | U9: 2482 | W9: {=sort(A9:C408,2,false)} -> 366 | X9: 301 | Y9: 2199 | AA9: {=sort({A9:A408,I9:I408,B9:B408},2,true,3,false)} -> 219 | AB9: 33 | AC9: 241
A10: =HYPERLINK("https://arcprize.org/play?task=00d62c1b", 2) -> 2 | B10: =IFERROR(__xludf.DUMMYFUNCTION("min(filter(Scores!B13:AX13,Scores!B13:AX13>0))"),86.0) -> 86 | C10: 2414 | D10: {=if(B10,if(countif(Scores!B13:AX13,B10)=1,concat("💎",XLOOKUP(B10,Scores!B13:AX13,Scores!B$1:AX$1)),concat("🥇 x",countif(Scores!B13:AX13,B10))),"")} -> 💎jailctf merger | E10: =if(countif(Scores!B13:AX13,B10)=1,F10,-1) -> 86 | F10: =if(B10,B10,-1) -> 86 | G10: =IFERROR(__xludf.DUMMYFUNCTION("if(iferror(small(filter(Scores!B13:AX13,Scores!B13:AX13>0),2),-1)<>F10,iferror(small(filter(Scores!B13:AX13,Scores!B13:AX13>0),2),-1),-1)"),88.0) -> 88 | H10: =IFERROR(__xludf.DUMMYFUNCTION("if(iferror(small(filter(Scores!B13:AX13,Scores!B13:AX13>0),3),-1)<>iferror(small(filter(Scores!B13:AX13,Scores!B13:AX13>0),2),-1),iferror(small(filter(Scores!B13:AX13,Scores!B13:AX13>0),3),-1),-1)"),-1.0) -> -1 | I10: =IFERROR(__xludf.DUMMYFUNCTION("IFERROR(COLUMNS(filter(Scores!B13:AE13,Scores!B13:AE13)),"""")"),45.0) -> 45 | J10: =COUNTIF(Scores!B13:AX13,B10) -> 1 | K10: =IFERROR(__xludf.DUMMYFUNCTION("""COMPUTED_VALUE"""),2.0) -> 2 | N10: 10 | O10: =CONCATENATE(N10,IF(N11<1000,concat("-",N11-1),"+")) -> 10-19 | P10: =countif($B$9:$B$408,concat(">=",N10))-countif($B$9:$B$408,concat(">=",N11)) -> 1 | S10: 116 | T10: 20 | U10: 2480 | W10: 96 | X10: 282 | Y10: 2218 | AA10: 285 | AB10: 33 | AC10: 226
A11: =HYPERLINK("https://arcprize.org/play?task=017c7c7b", 3) -> 3 | B11: =IFERROR(__xludf.DUMMYFUNCTION("min(filter(Scores!B14:AX14,Scores!B14:AX14>0))"),58.0) -> 58 | C11: 2442 | D11: {=if(B11,if(countif(Scores!B14:AX14,B11)=1,concat("💎",XLOOKUP(B11,Scores!B14:AX14,Scores!B$1:AX$1)),concat("🥇 x",countif(Scores!B14:AX14,B11))),"")} -> 🥇 x11 | E11: =if(countif(Scores!B14:AX14,B11)=1,F11,-1) -> -1 | F11: =if(B11,B11,-1) -> 58 | G11: =IFERROR(__xludf.DUMMYFUNCTION("if(iferror(small(filter(Scores!B14:AX14,Scores!B14:AX14>0),2),-1)<>F11,iferror(small(filter(Scores!B14:AX14,Scores!B14:AX14>0),2),-1),-1)"),-1.0) -> -1 | H11: =IFERROR(__xludf.DUMMYFUNCTION("if(iferror(small(filter(Scores!B14:AX14,Scores!B14:AX14>0),3),-1)<>iferror(small(filter(Scores!B14:AX14,Scores!B14:AX14>0),2),-1),iferror(small(filter(Scores!B14:AX14,Scores!B14:AX14>0),3),-1),-1)"),-1.0) -> -1 | I11: =IFERROR(__xludf.DUMMYFUNCTION("IFERROR(COLUMNS(filter(Scores!B14:AE14,Scores!B14:AE14)),"""")"),46.0) -> 46 | J11: =COUNTIF(Scores!B14:AX14,B11) -> 11 | K11: =IFERROR(__xludf.DUMMYFUNCTION("""COMPUTED_VALUE"""),3.0) -> 3 | N11: =N10+10 -> 20 | O11: =CONCATENATE(N11,IF(N12<1000,concat("-",N12-1),"+")) -> 20-29 | P11: =countif($B$9:$B$408,concat(">=",N11))-countif($B$9:$B$408,concat(">=",N12)) -> 11 | S11: 172 | T11: 20 | U11: 2480 | W11: 18 | X11: 275 | Y11: 2225 | AA11: 255 | AB11: 33 | AC11: 212
A12: =HYPERLINK("https://arcprize.org/play?task=025d127b", 4) -> 4 | B12: =IFERROR(__xludf.DUMMYFUNCTION("min(filter(Scores!B15:AX15,Scores!B15:AX15>0))"),73.0) -> 73 | C12: 2427 | D12: {=if(B12,if(countif(Scores!B15:AX15,B12)=1,concat("💎",XLOOKUP(B12,Scores!B15:AX15,Scores!B$1:AX$1)),concat("🥇 x",countif(Scores!B15:AX15,B12))),"")} -> 💎ox jam | E12: =if(countif(Scores!B15:AX15,B12)=1,F12,-1) -> 73 | F12: =if(B12,B12,-1) -> 73 | G12: =IFERROR(__xludf.DUMMYFUNCTION("if(iferror(small(filter(Scores!B15:AX15,Scores!B15:AX15>0),2),-1)<>F12,iferror(small(filter(Scores!B15:AX15,Scores!B15:AX15>0),2),-1),-1)"),74.0) -> 74 | H12: =IFERROR(__xludf.DUMMYFUNCTION("if(iferror(small(filter(Scores!B15:AX15,Scores!B15:AX15>0),3),-1)<>iferror(small(filter(Scores!B15:AX15,Scores!B15:AX15>0),2),-1),iferror(small(filter(Scores!B15:AX15,Scores!B15:AX15>0),3),-1),-1)"),79.0) -> 79 | I12: =IFERROR(__xludf.DUMMYFUNCTION("IFERROR(COLUMNS(filter(Scores!B15:AE15,Scores!B15:AE15)),"""")"),42.0) -> 42 | J12: =COUNTIF(Scores!B15:AX15,B12) -> 1 | K12: =IFERROR(__xludf.DUMMYFUNCTION("""COMPUTED_VALUE"""),4.0) -> 4 | N12: =N11+10 -> 30 | O12: =CONCATENATE(N12,IF(N13<1000,concat("-",N13-1),"+")) -> 30-39 | P12: =countif($B$9:$B$408,concat(">=",N12))-countif($B$9:$B$408,concat(">=",N13)) -> 18 | S12: 210 | T12: 20 | U12: 2480 | W12: 133 | X12: 273 | Y12: 2227 | AA12: 86 | AB12: 33 | AC12: 151
A13: =HYPERLINK("https://arcprize.org/play?task=045e512c", 5) -> 5 | B13: =IFERROR(__xludf.DUMMYFUNCTION("min(filter(Scores!B16:AX16,Scores!B16:AX16>0))"),166.0) -> 166 | C13: 2334 | D13: {=if(B13,if(countif(Scores!B16:AX16,B13)=1,concat("💎",XLOOKUP(B13,Scores!B16:AX16,Scores!B$1:AX$1)),concat("🥇 x",countif(Scores!B16:AX16,B13))),"")} -> 💎jailctf merger | E13: =if(countif(Scores!B16:AX16,B13)=1,F13,-1) -> 166 | F13: =if(B13,B13,-1) -> 166 | G13: =IFERROR(__xludf.DUMMYFUNCTION("if(iferror(small(filter(Scores!B16:AX16,Scores!B16:AX16>0),2),-1)<>F13,iferror(small(filter(Scores!B16:AX16,Scores!B16:AX16>0),2),-1),-1)"),174.0) -> 174 | H13: =IFERROR(__xludf.DUMMYFUNCTION("if(iferror(small(filter(Scores!B16:AX16,Scores!B16:AX16>0),3),-1)<>iferror(small(filter(Scores!B16:AX16,Scores!B16:AX16>0),2),-1),iferror(small(filter(Scores!B16:AX16,Scores!B16:AX16>0),3),-1),-1)"),199.0) -> 199 | I13: =IFERROR(__xludf.DUMMYFUNCTION("IFERROR(COLUMNS(filter(Scores!B16:AE16,Scores!B16:AE16)),"""")"),38.0) -> 38 | J13: =COUNTIF(Scores!B16:AX16,B13) -> 1 | K13: =IFERROR(__xludf.DUMMYFUNCTION("""COMPUTED_VALUE"""),5.0) -> 5 | N13: =N12+10 -> 40 | O13: =CONCATENATE(N13,IF(N14<1000,concat("-",N14-1),"+")) -> 40-49 | P13: =countif($B$9:$B$408,concat(">=",N13))-countif($B$9:$B$408,concat(">=",N14)) -> 29 | S13: 53 | T13: 21 | U13: 2479 | W13: 54 | X13: 266 | Y13: 2234 | AA13: 205 | AB13: 33 | AC13: 134
A14: =HYPERLINK("https://arcprize.org/play?task=0520fde7", 6) -> 6 | B14: =IFERROR(__xludf.DUMMYFUNCTION("min(filter(Scores!B17:AX17,Scores!B17:AX17>0))"),49.0) -> 49 | C14: 2451 | D14: {=if(B14,if(countif(Scores!B17:AX17,B14)=1,concat("💎",XLOOKUP(B14,Scores!B17:AX17,Scores!B$1:AX$1)),concat("🥇 x",countif(Scores!B17:AX17,B14))),"")} -> 🥇 x4 | E14: =if(countif(Scores!B17:AX17,B14)=1,F14,-1) -> -1 | F14: =if(B14,B14,-1) -> 49 | G14: =IFERROR(__xludf.DUMMYFUNCTION("if(iferror(small(filter(Scores!B17:AX17,Scores!B17:AX17>0),2),-1)<>F14,iferror(small(filter(Scores!B17:AX17,Scores!B17:AX17>0),2),-1),-1)"),-1.0) -> -1 | H14: =IFERROR(__xludf.DUMMYFUNCTION("if(iferror(small(filter(Scores!B17:AX17,Scores!B17:AX17>0),3),-1)<>iferror(small(filter(Scores!B17:AX17,Scores!B17:AX17>0),2),-1),iferror(small(filter(Scores!B17:AX17,Scores!B17:AX17>0),3),-1),-1)"),-1.0) -> -1 | I14: =IFERROR(__xludf.DUMMYFUNCTION("IFERROR(COLUMNS(filter(Scores!B17:AE17,Scores!B17:AE17)),"""")"),47.0) -> 47 | J14: =COUNTIF(Scores!B17:AX17,B14) -> 4 | K14: =IFERROR(__xludf.DUMMYFUNCTION("""COMPUTED_VALUE"""),6.0) -> 6 | N14: =N13+10 -> 50 | O14: =CONCATENATE(N14,IF(N15<1000,concat("-",N15-1),"+")) -> 50-59 | P14: =countif($B$9:$B$408,concat(">=",N14))-countif($B$9:$B$408,concat(">=",N15)) -> 49 | S14: 179 | T14: 21 | U14: 2479 | W14: 233 | X14: 261 | Y14: 2239 | AA14: 367 | AB14: 33 | AC14: 126
A15: =HYPERLINK("https://arcprize.org/play?task=05269061", 7) -> 7 | B15: =IFERROR(__xludf.DUMMYFUNCTION("min(filter(Scores!B18:AX18,Scores!B18:AX18>0))"),62.0) -> 62 | C15: 2438 | D15: {=if(B15,if(countif(Scores!B18:AX18,B15)=1,concat("💎",XLOOKUP(B15,Scores!B18:AX18,Scores!B$1:AX$1)),concat("🥇 x",countif(Scores!B18:AX18,B15))),"")} -> 🥇 x2 | E15: =if(countif(Scores!B18:AX18,B15)=1,F15,-1) -> -1 | F15: =if(B15,B15,-1) -> 62 | G15: =IFERROR(__xludf.DUMMYFUNCTION("if(iferror(small(filter(Scores!B18:AX18,Scores!B18:AX18>0),2),-1)<>F15,iferror(small(filter(Scores!B18:AX18,Scores!B18:AX18>0),2),-1),-1)"),-1.0) -> -1 | H15: =IFERROR(__xludf.DUMMYFUNCTION("if(iferror(small(filter(Scores!B18:AX18,Scores!B18:AX18>0),3),-1)<>iferror(small(filter(Scores!B18:AX18,Scores!B18:AX18>0),2),-1),iferror(small(filter(Scores!B18:AX18,Scores!B18:AX18>0),3),-1),-1)"),63.0) -> 63 | I15: =IFERROR(__xludf.DUMMYFUNCTION("IFERROR(COLUMNS(filter(Scores!B18:AE18,Scores!B18:AE18)),"""")"),44.0) -> 44 | J15: =COUNTIF(Scores!B18:AX18,B15) -> 2 | K15: =IFERROR(__xludf.DUMMYFUNCTION("""COMPUTED_VALUE"""),7.0) -> 7 | N15: =N14+10 -> 60 | O15: =CONCATENATE(N15,IF(N16<1000,concat("-",N16-1),"+")) -> 60-69 | P15: =countif($B$9:$B$408,concat(">=",N15))-countif($B$9:$B$408,concat(">=",N16)) -> 47 | S15: 241 | T15: 21 | U15: 2479 | W15: 158 | X15: 260 | Y15: 2240 | AA15: 76 | AB15: 34 | AC15: 258
A16: =HYPERLINK("https://arcprize.org/play?task=05f2a901", 8) -> 8 | B16: =IFERROR(__xludf.DUMMYFUNCTION("min(filter(Scores!B19:AX19,Scores!B19:AX19>0))"),84.0) -> 84 | C16: 2416 | D16: {=if(B16,if(countif(Scores!B19:AX19,B16)=1,concat("💎",XLOOKUP(B16,Scores!B19:AX19,Scores!B$1:AX$1)),concat("🥇 x",countif(Scores!B19:AX19,B16))),"")} -> 🥇 x2 | E16: =if(countif(Scores!B19:AX19,B16)=1,F16,-1) -> -1 | F16: =if(B16,B16,-1) -> 84 | G16: =IFERROR(__xludf.DUMMYFUNCTION("if(iferror(small(filter(Scores!B19:AX19,Scores!B19:AX19>0),2),-1)<>F16,iferror(small(filter(Scores!B19:AX19,Scores!B19:AX19>0),2),-1),-1)"),-1.0) -> -1 | H16: =IFERROR(__xludf.DUMMYFUNCTION("if(iferror(small(filter(Scores!B19:AX19,Scores!B19:AX19>0),3),-1)<>iferror(small(filter(Scores!B19:AX19,Scores!B19:AX19>0),2),-1),iferror(small(filter(Scores!B19:AX19,Scores!B19:AX19>0),3),-1),-1)"),90.0) -> 90 | I16: =IFERROR(__xludf.DUMMYFUNCTION("IFERROR(COLUMNS(filter(Scores!B19:AE19,Scores!B19:AE19)),"""")"),40.0) -> 40 | J16: =COUNTIF(Scores!B19:AX19,B16) -> 2 | K16: =IFERROR(__xludf.DUMMYFUNCTION("""COMPUTED_VALUE"""),8.0) -> 8 | N16: =N15+10 -> 70 | O16: =CONCATENATE(N16,IF(N17<1000,concat("-",N17-1),"+")) -> 70-79 | P16: =countif($B$9:$B$408,concat(">=",N16))-countif($B$9:$B$408,concat(">=",N17)) -> 34 | S16: 113 | T16: 25 | U16: 2475 | W16: 76 | X16: 258 | Y16: 2242 | AA16: 101 | AB16: 34 | AC16: 258
A17: =HYPERLINK("https://arcprize.org/play?task=06df4c85", 9) -> 9 | B17: =IFERROR(__xludf.DUMMYFUNCTION("min(filter(Scores!B20:AX20,Scores!B20:AX20>0))"),95.0) -> 95 | C17: 2405 | D17: {=if(B17,if(countif(Scores!B20:AX20,B17)=1,concat("💎",XLOOKUP(B17,Scores!B20:AX20,Scores!B$1:AX$1)),concat("🥇 x",countif(Scores!B20:AX20,B17))),"")} -> 💎Code Golf International | E17: =if(countif(Scores!B20:AX20,B17)=1,F17,-1) -> 95 | F17: =if(B17,B17,-1) -> 95 | G17: =IFERROR(__xludf.DUMMYFUNCTION("if(iferror(small(filter(Scores!B20:AX20,Scores!B20:AX20>0),2),-1)<>F17,iferror(small(filter(Scores!B20:AX20,Scores!B20:AX20>0),2),-1),-1)"),107.0) -> 107 | H17: =IFERROR(__xludf.DUMMYFUNCTION("if(iferror(small(filter(Scores!B20:AX20,Scores!B20:AX20>0),3),-1)<>iferror(small(filter(Scores!B20:AX20,Scores!B20:AX20>0),2),-1),iferror(small(filter(Scores!B20:AX20,Scores!B20:AX20>0),3),-1),-1)"),108.0) -> 108 | I17: =IFERROR(__xludf.DUMMYFUNCTION("IFERROR(COLUMNS(filter(Scores!B20:AE20,Scores!B20:AE20)),"""")"),41.0) -> 41 | J17: =COUNTIF(Scores!B20:AX20,B17) -> 1 | K17: =IFERROR(__xludf.DUMMYFUNCTION("""COMPUTED_VALUE"""),9.0) -> 9 | N17: =N16+10 -> 80 | O17: =CONCATENATE(N17,IF(N18<1000,concat("-",N18-1),"+")) -> 80-89 | P17: =countif($B$9:$B$408,concat(">=",N17))-countif($B$9:$B$408,concat(">=",N18)) -> 43 | S17: 385 | T17: 25 | U17: 2475 | W17: 101 | X17: 258 | Y17: 2242 | AA17: 209 | AB17: 34 | AC17: 247
A18: =HYPERLINK("https://arcprize.org/play?task=08ed6ac7", 10) -> 10 | B18: =IFERROR(__xludf.DUMMYFUNCTION("min(filter(Scores!B21:AX21,Scores!B21:AX21>0))"),66.0) -> 66 | C18: 2434 | D18: {=if(B18,if(countif(Scores!B21:AX21,B18)=1,concat("💎",XLOOKUP(B18,Scores!B21:AX21,Scores!B$1:AX$1)),concat("🥇 x",countif(Scores!B21:AX21,B18))),"")} -> 💎Code Golf International | E18: =if(countif(Scores!B21:AX21,B18)=1,F18,-1) -> 66 | F18: =if(B18,B18,-1) -> 66 | G18: =IFERROR(__xludf.DUMMYFUNCTION("if(iferror(small(filter(Scores!B21:AX21,Scores!B21:AX21>0),2),-1)<>F18,iferror(small(filter(Scores!B21:AX21,Scores!B21:AX21>0),2),-1),-1)"),67.0) -> 67 | H18: =IFERROR(__xludf.DUMMYFUNCTION("if(iferror(small(filter(Scores!B21:AX21,Scores!B21:AX21>0),3),-1)<>iferror(small(filter(Scores!B21:AX21,Scores!B21:AX21>0),2),-1),iferror(small(filter(Scores!B21:AX21,Scores!B21:AX21>0),3),-1),-1)"),-1.0) -> -1 | I18: =IFERROR(__xludf.DUMMYFUNCTION("IFERROR(COLUMNS(filter(Scores!B21:AE21,Scores!B21:AE21)),"""")"),45.0) -> 45 | J18: =COUNTIF(Scores!B21:AX21,B18) -> 1 | K18: =IFERROR(__xludf.DUMMYFUNCTION("""COMPUTED_VALUE"""),10.0) -> 10 | N18: =N17+10 -> 90 | O18: =CONCATENATE(N18,IF(N19<1000,concat("-",N19-1),"+")) -> 90-99 | P18: =countif($B$9:$B$408,concat(">=",N18))-countif($B$9:$B$408,concat(">=",N19)) -> 39 | S18: 249 | T18: 26 | U18: 2474 | W18: 209 | X18: 247 | Y18: 2253 | AA18: 89 | AB18: 34 | AC18: 232
A19: =HYPERLINK("https://arcprize.org/play?task=09629e4f", 11) -> 11 | B19: =IFERROR(__xludf.DUMMYFUNCTION("min(filter(Scores!B22:AX22,Scores!B22:AX22>0))"),114.0) -> 114 | C19: 2386 | D19: {=if(B19,if(countif(Scores!B22:AX22,B19)=1,concat("💎",XLOOKUP(B19,Scores!B22:AX22,Scores!B$1:AX$1)),concat("🥇 x",countif(Scores!B22:AX22,B19))),"")} -> 💎ox jam | E19: =if(countif(Scores!B22:AX22,B19)=1,F19,-1) -> 114 | F19: =if(B19,B19,-1) -> 114 | G19: =IFERROR(__xludf.DUMMYFUNCTION("if(iferror(small(filter(Scores!B22:AX22,Scores!B22:AX22>0),2),-1)<>F19,iferror(small(filter(Scores!B22:AX22,Scores!B22:AX22>0),2),-1),-1)"),120.0) -> 120 | H19: =IFERROR(__xludf.DUMMYFUNCTION("if(iferror(small(filter(Scores!B22:AX22,Scores!B22:AX22>0),3),-1)<>iferror(small(filter(Scores!B22:AX22,Scores!B22:AX22>0),2),-1),iferror(small(filter(Scores!B22:AX22,Scores!B22:AX22>0),3),-1),-1)"),121.0) -> 121 | I19: =IFERROR(__xludf.DUMMYFUNCTION("IFERROR(COLUMNS(filter(Scores!B22:AE22,Scores!B22:AE22)),"""")"),42.0) -> 42 | J19: =COUNTIF(Scores!B22:AX22,B19) -> 1 | K19: =IFERROR(__xludf.DUMMYFUNCTION("""COMPUTED_VALUE"""),11.0) -> 11 | N19: =N18+10 -> 100 | O19: =CONCATENATE(N19,IF(N20<1000,concat("-",N20-1),"+")) -> 100-109 | P19: =countif($B$9:$B$408,concat(">=",N19))-countif($B$9:$B$408,concat(">=",N20)) -> 30 | S19: 380 | T19: 27 | U19: 2473 | W19: 219 | X19: 241 | Y19: 2259 | AA19: 80 | AB19: 34 | AC19: 231
A20: =HYPERLINK("https://arcprize.org/play?task=0962bcdd", 12) -> 12 | B20: =IFERROR(__xludf.DUMMYFUNCTION("min(filter(Scores!B23:AX23,Scores!B23:AX23>0))"),122.0) -> 122 | C20: 2378 | D20: {=if(B20,if(countif(Scores!B23:AX23,B20)=1,concat("💎",XLOOKUP(B20,Scores!B23:AX23,Scores!B$1:AX$1)),concat("🥇 x",countif(Scores!B23:AX23,B20))),"")} -> 💎Code Golf International | E20: =if(countif(Scores!B23:AX23,B20)=1,F20,-1) -> 122 | F20: =if(B20,B20,-1) -> 122 | G20: =IFERROR(__xludf.DUMMYFUNCTION("if(iferror(small(filter(Scores!B23:AX23,Scores!B23:AX23>0),2),-1)<>F20,iferror(small(filter(Scores!B23:AX23,Scores!B23:AX23>0),2),-1),-1)"),126.0) -> 126 | H20: =IFERROR(__xludf.DUMMYFUNCTION("if(iferror(small(filter(Scores!B23:AX23,Scores!B23:AX23>0),3),-1)<>iferror(small(filter(Scores!B23:AX23,Scores!B23:AX23>0),2),-1),iferror(small(filter(Scores!B23:AX23,Scores!B23:AX23>0),3),-1),-1)"),129.0) -> 129 | I20: =IFERROR(__xludf.DUMMYFUNCTION("IFERROR(COLUMNS(filter(Scores!B23:AE23,Scores!B23:AE23)),"""")"),40.0) -> 40 | J20: =COUNTIF(Scores!B23:AX23,B20) -> 1 | K20: =IFERROR(__xludf.DUMMYFUNCTION("""COMPUTED_VALUE"""),12.0) -> 12 | N20: =N19+10 -> 110 | O20: =CONCATENATE(N20,IF(N21<1000,concat("-",N21-1),"+")) -> 110-119 | P20: =countif($B$9:$B$408,concat(">=",N20))-countif($B$9:$B$408,concat(">=",N21)) -> 22 | S20: 103 | T20: 29 | U20: 2471 | W20: 66 | X20: 237 | Y20: 2263 | AA20: 191 | AB20: 34 | AC20: 221
A21: =HYPERLINK("https://arcprize.org/play?task=0a938d79", 13) -> 13 | B21: =IFERROR(__xludf.DUMMYFUNCTION("min(filter(Scores!B24:AX24,Scores!B24:AX24>0))"),124.0) -> 124 | C21: 2376 | D21: {=if(B21,if(countif(Scores!B24:AX24,B21)=1,concat("💎",XLOOKUP(B21,Scores!B24:AX24,Scores!B$1:AX$1)),concat("🥇 x",countif(Scores!B24:AX24,B21))),"")} -> 💎Code Golf International | E21: =if(countif(Scores!B24:AX24,B21)=1,F21,-1) -> 124 | F21: =if(B21,B21,-1) -> 124 | G21: =IFERROR(__xludf.DUMMYFUNCTION("if(iferror(small(filter(Scores!B24:AX24,Scores!B24:AX24>0),2),-1)<>F21,iferror(small(filter(Scores!B24:AX24,Scores!B24:AX24>0),2),-1),-1)"),129.0) -> 129 | H21: =IFERROR(__xludf.DUMMYFUNCTION("if(iferror(small(filter(Scores!B24:AX24,Scores!B24:AX24>0),3),-1)<>iferror(small(filter(Scores!B24:AX24,Scores!B24:AX24>0),2),-1),iferror(small(filter(Scores!B24:AX24,Scores!B24:AX24>0),3),-1),-1)"),136.0) -> 136 | I21: =IFERROR(__xludf.DUMMYFUNCTION("IFERROR(COLUMNS(filter(Scores!B24:AE24,Scores!B24:AE24)),"""")"),41.0) -> 41 | J21: =COUNTIF(Scores!B24:AX24,B21) -> 1 | K21: =IFERROR(__xludf.DUMMYFUNCTION("""COMPUTED_VALUE"""),13.0) -> 13 | N21: =N20+10 -> 120 | O21: =CONCATENATE(N21,IF(N22<1000,concat("-",N22-1),"+")) -> 120-129 | P21: =countif($B$9:$B$408,concat(">=",N21))-countif($B$9:$B$408,concat(">=",N22)) -> 15 | S21: 150 | T21: 30 | U21: 2470 | W21: 157 | X21: 237 | Y21: 2263 | AA21: 324 | AB21: 34 | AC21: 216
A22: =HYPERLINK("https://arcprize.org/play?task=0b148d64", 14) -> 14 | B22: =IFERROR(__xludf.DUMMYFUNCTION("min(filter(Scores!B25:AX25,Scores!B25:AX25>0))"),57.0) -> 57 | C22: 2443 | D22: {=if(B22,if(countif(Scores!B25:AX25,B22)=1,concat("💎",XLOOKUP(B22,Scores!B25:AX25,Scores!B$1:AX$1)),concat("🥇 x",countif(Scores!B25:AX25,B22))),"")} -> 💎Code Golf International | E22: =if(countif(Scores!B25:AX25,B22)=1,F22,-1) -> 57 | F22: =if(B22,B22,-1) -> 57 | G22: =IFERROR(__xludf.DUMMYFUNCTION("if(iferror(small(filter(Scores!B25:AX25,Scores!B25:AX25>0),2),-1)<>F22,iferror(small(filter(Scores!B25:AX25,Scores!B25:AX25>0),2),-1),-1)"),67.0) -> 67 | H22: =IFERROR(__xludf.DUMMYFUNCTION("if(iferror(small(filter(Scores!B25:AX25,Scores!B25:AX25>0),3),-1)<>iferror(small(filter(Scores!B25:AX25,Scores!B25:AX25>0),2),-1),iferror(small(filter(Scores!B25:AX25,Scores!B25:AX25>0),3),-1),-1)"),68.0) -> 68 | I22: =IFERROR(__xludf.DUMMYFUNCTION("IFERROR(COLUMNS(filter(Scores!B25:AE25,Scores!B25:AE25)),"""")"),44.0) -> 44 | J22: =COUNTIF(Scores!B25:AX25,B22) -> 1 | K22: =IFERROR(__xludf.DUMMYFUNCTION("""COMPUTED_VALUE"""),14.0) -> 14 | N22: =N21+10 -> 130 | O22: =CONCATENATE(N22,IF(N23<1000,concat("-",N23-1),"+")) -> 130-139 | P22: =countif($B$9:$B$408,concat(">=",N22))-countif($B$9:$B$408,concat(">=",N23)) -> 13 | S22: 326 | T22: 30 | U22: 2470 | W22: 89 | X22: 232 | Y22: 2268 | AA22: 238 | AB22: 34 | AC22: 195
A23: =HYPERLINK("https://arcprize.org/play?task=0ca9ddb6", 15) -> 15 | B23: =IFERROR(__xludf.DUMMYFUNCTION("min(filter(Scores!B26:AX26,Scores!B26:AX26>0))"),87.0) -> 87 | C23: 2413 | D23: {=if(B23,if(countif(Scores!B26:AX26,B23)=1,concat("💎",XLOOKUP(B23,Scores!B26:AX26,Scores!B$1:AX$1)),concat("🥇 x",countif(Scores!B26:AX26,B23))),"")} -> 💎jailctf merger | E23: =if(countif(Scores!B26:AX26,B23)=1,F23,-1) -> 87 | F23: =if(B23,B23,-1) -> 87 | G23: =IFERROR(__xludf.DUMMYFUNCTION("if(iferror(small(filter(Scores!B26:AX26,Scores!B26:AX26>0),2),-1)<>F23,iferror(small(filter(Scores!B26:AX26,Scores!B26:AX26>0),2),-1),-1)"),92.0) -> 92 | H23: =IFERROR(__xludf.DUMMYFUNCTION("if(iferror(small(filter(Scores!B26:AX26,Scores!B26:AX26>0),3),-1)<>iferror(small(filter(Scores!B26:AX26,Scores!B26:AX26>0),2),-1),iferror(small(filter(Scores!B26:AX26,Scores!B26:AX26>0),3),-1),-1)"),-1.0) -> -1 | I23: =IFERROR(__xludf.DUMMYFUNCTION("IFERROR(COLUMNS(filter(Scores!B26:AE26,Scores!B26:AE26)),"""")"),41.0) -> 41 | J23: =COUNTIF(Scores!B26:AX26,B23) -> 1 | K23: =IFERROR(__xludf.DUMMYFUNCTION("""COMPUTED_VALUE"""),15.0) -> 15 | N23: =N22+10 -> 140 | O23: =CONCATENATE(N23,IF(N24<1000,concat("-",N24-1),"+")) -> 140-149 | P23: =countif($B$9:$B$408,concat(">=",N23))-countif($B$9:$B$408,concat(">=",N24)) -> 4 | S23: 376 | T23: 30 | U23: 2470 | W23: 80 | X23: 231 | Y23: 2269 | AA23: 319 | AB23: 34 | AC23: 194
A24: =HYPERLINK("https://arcprize.org/play?task=0d3d703e", 16) -> 16 | B24: =IFERROR(__xludf.DUMMYFUNCTION("min(filter(Scores!B27:AX27,Scores!B27:AX27>0))"),43.0) -> 43 | C24: 2457 | D24: {=if(B24,if(countif(Scores!B27:AX27,B24)=1,concat("💎",XLOOKUP(B24,Scores!B27:AX27,Scores!B$1:AX$1)),concat("🥇 x",countif(Scores!B27:AX27,B24))),"")} -> 🥇 x5 | E24: =if(countif(Scores!B27:AX27,B24)=1,F24,-1) -> -1 | F24: =if(B24,B24,-1) -> 43 | G24: =IFERROR(__xludf.DUMMYFUNCTION("if(iferror(small(filter(Scores!B27:AX27,Scores!B27:AX27>0),2),-1)<>F24,iferror(small(filter(Scores!B27:AX27,Scores!B27:AX27>0),2),-1),-1)"),-1.0) -> -1 | H24: =IFERROR(__xludf.DUMMYFUNCTION("if(iferror(small(filter(Scores!B27:AX27,Scores!B27:AX27>0),3),-1)<>iferror(small(filter(Scores!B27:AX27,Scores!B27:AX27>0),2),-1),iferror(small(filter(Scores!B27:AX27,Scores!B27:AX27>0),3),-1),-1)"),-1.0) -> -1 | I24: =IFERROR(__xludf.DUMMYFUNCTION("IFERROR(COLUMNS(filter(Scores!B27:AE27,Scores!B27:AE27)),"""")"),47.0) -> 47 | J24: =COUNTIF(Scores!B27:AX27,B24) -> 5 | K24: =IFERROR(__xludf.DUMMYFUNCTION("""COMPUTED_VALUE"""),16.0) -> 16 | N24: =N23+10 -> 150 | O24: =CONCATENATE(N24,IF(N25<1000,concat("-",N25-1),"+")) -> 150-159 | P24: =countif($B$9:$B$408,concat(">=",N24))-countif($B$9:$B$408,concat(">=",N25)) -> 6 | S24: 301 | T24: 31 | U24: 2469 | W24: 285 | X24: 226 | Y24: 2274 | AA24: 268 | AB24: 34 | AC24: 190
A25: =HYPERLINK("https://arcprize.org/play?task=0dfd9992", 17) -> 17 | B25: =IFERROR(__xludf.DUMMYFUNCTION("min(filter(Scores!B28:AX28,Scores!B28:AX28>0))"),90.0) -> 90 | C25: 2410 | D25: {=if(B25,if(countif(Scores!B28:AX28,B25)=1,concat("💎",XLOOKUP(B25,Scores!B28:AX28,Scores!B$1:AX$1)),concat("🥇 x",countif(Scores!B28:AX28,B25))),"")} -> 💎Code Golf International | E25: =if(countif(Scores!B28:AX28,B25)=1,F25,-1) -> 90 | F25: =if(B25,B25,-1) -> 90 | G25: =IFERROR(__xludf.DUMMYFUNCTION("if(iferror(small(filter(Scores!B28:AX28,Scores!B28:AX28>0),2),-1)<>F25,iferror(small(filter(Scores!B28:AX28,Scores!B28:AX28>0),2),-1),-1)"),99.0) -> 99 | H25: =IFERROR(__xludf.DUMMYFUNCTION("if(iferror(small(filter(Scores!B28:AX28,Scores!B28:AX28>0),3),-1)<>iferror(small(filter(Scores!B28:AX28,Scores!B28:AX28>0),2),-1),iferror(small(filter(Scores!B28:AX28,Scores!B28:AX28>0),3),-1),-1)"),102.0) -> 102 | I25: =IFERROR(__xludf.DUMMYFUNCTION("IFERROR(COLUMNS(filter(Scores!B28:AE28,Scores!B28:AE28)),"""")"),40.0) -> 40 | J25: =COUNTIF(Scores!B28:AX28,B25) -> 1 | K25: =IFERROR(__xludf.DUMMYFUNCTION("""COMPUTED_VALUE"""),17.0) -> 17 | N25: =N24+10 -> 160 | O25: =CONCATENATE(N25,IF(N26<1000,concat("-",N26-1),"+")) -> 160-169 | P25: =countif($B$9:$B$408,concat(">=",N25))-countif($B$9:$B$408,concat(">=",N26)) -> 5 | S25: 135 | T25: 32 | U25: 2468 | W25: 118 | X25: 225 | Y25: 2275 | AA25: 264 | AB25: 34 | AC25: 178
A26: =HYPERLINK("https://arcprize.org/play?task=0e206a2e", 18) -> 18 | B26: =IFERROR(__xludf.DUMMYFUNCTION("min(filter(Scores!B29:AX29,Scores!B29:AX29>0))"),275.0) -> 275 | C26: 2225 | D26: {=if(B26,if(countif(Scores!B29:AX29,B26)=1,concat("💎",XLOOKUP(B26,Scores!B29:AX29,Scores!B$1:AX$1)),concat("🥇 x",countif(Scores!B29:AX29,B26))),"")} -> 💎ox jam | E26: =if(countif(Scores!B29:AX29,B26)=1,F26,-1) -> 275 | F26: =if(B26,B26,-1) -> 275 | G26: =IFERROR(__xludf.DUMMYFUNCTION("if(iferror(small(filter(Scores!B29:AX29,Scores!B29:AX29>0),2),-1)<>F26,iferror(small(filter(Scores!B29:AX29,Scores!B29:AX29>0),2),-1),-1)"),286.0) -> 286 | H26: =IFERROR(__xludf.DUMMYFUNCTION("if(iferror(small(filter(Scores!B29:AX29,Scores!B29:AX29>0),3),-1)<>iferror(small(filter(Scores!B29:AX29,Scores!B29:AX29>0),2),-1),iferror(small(filter(Scores!B29:AX29,Scores!B29:AX29>0),3),-1),-1)"),299.0) -> 299 | I26: =IFERROR(__xludf.DUMMYFUNCTION("IFERROR(COLUMNS(filter(Scores!B29:AE29,Scores!B29:AE29)),"""")"),36.0) -> 36 | J26: =COUNTIF(Scores!B29:AX29,B26) -> 1 | K26: =IFERROR(__xludf.DUMMYFUNCTION("""COMPUTED_VALUE"""),18.0) -> 18 | N26: =N25+10 -> 170 | O26: =CONCATENATE(N26,IF(N27<1000,concat("-",N27-1),"+")) -> 170-179 | P26: =countif($B$9:$B$408,concat(">=",N26))-countif($B$9:$B$408,concat(">=",N27)) -> 3 | S26: 164 | T26: 32 | U26: 2468 | W26: 191 | X26: 221 | Y26: 2279 | AA26: 349 | AB26: 34 | AC26: 172
A27: =HYPERLINK("https://arcprize.org/play?task=10fcaaa3", 19) -> 19 | B27: =IFERROR(__xludf.DUMMYFUNCTION("min(filter(Scores!B30:AX30,Scores!B30:AX30>0))"),103.0) -> 103 | C27: 2397 | D27: {=if(B27,if(countif(Scores!B30:AX30,B27)=1,concat("💎",XLOOKUP(B27,Scores!B30:AX30,Scores!B$1:AX$1)),concat("🥇 x",countif(Scores!B30:AX30,B27))),"")} -> 💎Code Golf International | E27: =if(countif(Scores!B30:AX30,B27)=1,F27,-1) -> 103 | F27: =if(B27,B27,-1) -> 103 | G27: =IFERROR(__xludf.DUMMYFUNCTION("if(iferror(small(filter(Scores!B30:AX30,Scores!B30:AX30>0),2),-1)<>F27,iferror(small(filter(Scores!B30:AX30,Scores!B30:AX30>0),2),-1),-1)"),104.0) -> 104 | H27: =IFERROR(__xludf.DUMMYFUNCTION("if(iferror(small(filter(Scores!B30:AX30,Scores!B30:AX30>0),3),-1)<>iferror(small(filter(Scores!B30:AX30,Scores!B30:AX30>0),2),-1),iferror(small(filter(Scores!B30:AX30,Scores!B30:AX30>0),3),-1),-1)"),105.0) -> 105 | I27: =IFERROR(__xludf.DUMMYFUNCTION("IFERROR(COLUMNS(filter(Scores!B30:AE30,Scores!B30:AE30)),"""")"),41.0) -> 41 | J27: =COUNTIF(Scores!B30:AX30,B27) -> 1 | K27: =IFERROR(__xludf.DUMMYFUNCTION("""COMPUTED_VALUE"""),19.0) -> 19 | N27: =N26+10 -> 180 | O27: =CONCATENATE(N27,IF(N28<1000,concat("-",N28-1),"+")) -> 180-189 | P27: =countif($B$9:$B$408,concat(">=",N27))-countif($B$9:$B$408,concat(">=",N28)) -> 3 | S27: 311 | T27: 32 | U27: 2468 | W27: 324 | X27: 216 | Y27: 2284 | AA27: 170 | AB27: 34 | AC27: 163
A28: =HYPERLINK("https://arcprize.org/play?task=11852cab", 20) -> 20 | B28: =IFERROR(__xludf.DUMMYFUNCTION("min(filter(Scores!B31:AX31,Scores!B31:AX31>0))"),126.0) -> 126 | C28: 2374 | D28: {=if(B28,if(countif(Scores!B31:AX31,B28)=1,concat("💎",XLOOKUP(B28,Scores!B31:AX31,Scores!B$1:AX$1)),concat("🥇 x",countif(Scores!B31:AX31,B28))),"")} -> 💎LogicLynx | E28: =if(countif(Scores!B31:AX31,B28)=1,F28,-1) -> 126 | F28: =if(B28,B28,-1) -> 126 | G28: =IFERROR(__xludf.DUMMYFUNCTION("if(iferror(small(filter(Scores!B31:AX31,Scores!B31:AX31>0),2),-1)<>F28,iferror(small(filter(Scores!B31:AX31,Scores!B31:AX31>0),2),-1),-1)"),133.0) -> 133 | H28: =IFERROR(__xludf.DUMMYFUNCTION("if(iferror(small(filter(Scores!B31:AX31,Scores!B31:AX31>0),3),-1)<>iferror(small(filter(Scores!B31:AX31,Scores!B31:AX31>0),2),-1),iferror(small(filter(Scores!B31:AX31,Scores!B31:AX31>0),3),-1),-1)"),135.0) -> 135 | I28: =IFERROR(__xludf.DUMMYFUNCTION("IFERROR(COLUMNS(filter(Scores!B31:AE31,Scores!B31:AE31)),"""")"),39.0) -> 39 | J28: =COUNTIF(Scores!B31:AX31,B28) -> 1 | K28: =IFERROR(__xludf.DUMMYFUNCTION("""COMPUTED_VALUE"""),20.0) -> 20 | N28: =N27+10 -> 190 | O28: =CONCATENATE(N28,IF(N29<1000,concat("-",N29-1),"+")) -> 190-199 | P28: =countif($B$9:$B$408,concat(">=",N28))-countif($B$9:$B$408,concat(">=",N29)) -> 7 | S28: 67 | T28: 33 | U28: 2467 | W28: 255 | X28: 212 | Y28: 2288 | AA28: 208 | AB28: 34 | AC28: 163
A29: =HYPERLINK("https://arcprize.org/play?task=1190e5a7", 21) -> 21 | B29: =IFERROR(__xludf.DUMMYFUNCTION("min(filter(Scores!B32:AX32,Scores!B32:AX32>0))"),51.0) -> 51 | C29: 2449 | D29: {=if(B29,if(countif(Scores!B32:AX32,B29)=1,concat("💎",XLOOKUP(B29,Scores!B32:AX32,Scores!B$1:AX$1)),concat("🥇 x",countif(Scores!B32:AX32,B29))),"")} -> 🥇 x2 | E29: =if(countif(Scores!B32:AX32,B29)=1,F29,-1) -> -1 | F29: =if(B29,B29,-1) -> 51 | G29: =IFERROR(__xludf.DUMMYFUNCTION("if(iferror(small(filter(Scores!B32:AX32,Scores!B32:AX32>0),2),-1)<>F29,iferror(small(filter(Scores!B32:AX32,Scores!B32:AX32>0),2),-1),-1)"),-1.0) -> -1 | H29: =IFERROR(__xludf.DUMMYFUNCTION("if(iferror(small(filter(Scores!B32:AX32,Scores!B32:AX32>0),3),-1)<>iferror(small(filter(Scores!B32:AX32,Scores!B32:AX32>0),2),-1),iferror(small(filter(Scores!B32:AX32,Scores!B32:AX32>0),3),-1),-1)"),52.0) -> 52 | I29: =IFERROR(__xludf.DUMMYFUNCTION("IFERROR(COLUMNS(filter(Scores!B32:AE32,Scores!B32:AE32)),"""")"),45.0) -> 45 | J29: =COUNTIF(Scores!B32:AX32,B29) -> 2 | K29: =IFERROR(__xludf.DUMMYFUNCTION("""COMPUTED_VALUE"""),21.0) -> 21 | N29: =N28+10 -> 200 | O29: =CONCATENATE(N29,IF(N30<1000,concat("-",N30-1),"+")) -> 200-209 | P29: =countif($B$9:$B$408,concat(">=",N29))-countif($B$9:$B$408,concat(">=",N30)) -> 1 | S29: 87 | T29: 36 | U29: 2464 | W29: 173 | X29: 201 | Y29: 2299 | AA29: 182 | AB29: 34 | AC29: 160
A30: =HYPERLINK("https://arcprize.org/play?task=137eaa0f", 22) -> 22 | B30: =IFERROR(__xludf.DUMMYFUNCTION("min(filter(Scores!B33:AX33,Scores!B33:AX33>0))"),91.0) -> 91 | C30: 2409 | D30: {=if(B30,if(countif(Scores!B33:AX33,B30)=1,concat("💎",XLOOKUP(B30,Scores!B33:AX33,Scores!B$1:AX$1)),concat("🥇 x",countif(Scores!B33:AX33,B30))),"")} -> 💎Code Golf International | E30: =if(countif(Scores!B33:AX33,B30)=1,F30,-1) -> 91 | F30: =if(B30,B30,-1) -> 91 | G30: =IFERROR(__xludf.DUMMYFUNCTION("if(iferror(small(filter(Scores!B33:AX33,Scores!B33:AX33>0),2),-1)<>F30,iferror(small(filter(Scores!B33:AX33,Scores!B33:AX33>0),2),-1),-1)"),92.0) -> 92 | H30: =IFERROR(__xludf.DUMMYFUNCTION("if(iferror(small(filter(Scores!B33:AX33,Scores!B33:AX33>0),3),-1)<>iferror(small(filter(Scores!B33:AX33,Scores!B33:AX33>0),2),-1),iferror(small(filter(Scores!B33:AX33,Scores!B33:AX33>0),3),-1),-1)"),95.0) -> 95 | I30: =IFERROR(__xludf.DUMMYFUNCTION("IFERROR(COLUMNS(filter(Scores!B33:AE33,Scores!B33:AE33)),"""")"),41.0) -> 41 | J30: =COUNTIF(Scores!B33:AX33,B30) -> 1 | K30: =IFERROR(__xludf.DUMMYFUNCTION("""COMPUTED_VALUE"""),22.0) -> 22 | N30: =N29+10 -> 210 | O30: =CONCATENATE(N30,IF(N31<1000,concat("-",N31-1),"+")) -> 210-219 | P30: =countif($B$9:$B$408,concat(">=",N30))-countif($B$9:$B$408,concat(">=",N31)) -> 2 | S30: 140 | T30: 36 | U30: 2464 | W30: 44 | X30: 195 | Y30: 2305 | AA30: 370 | AB30: 34 | AC30: 159
A31: =HYPERLINK("https://arcprize.org/play?task=150deff5", 23) -> 23 | B31: =IFERROR(__xludf.DUMMYFUNCTION("min(filter(Scores!B34:AX34,Scores!B34:AX34>0))"),182.0) -> 182 | C31: 2318 | D31: {=if(B31,if(countif(Scores!B34:AX34,B31)=1,concat("💎",XLOOKUP(B31,Scores!B34:AX34,Scores!B$1:AX$1)),concat("🥇 x",countif(Scores!B34:AX34,B31))),"")} -> 💎ox jam | E31: =if(countif(Scores!B34:AX34,B31)=1,F31,-1) -> 182 | F31: =if(B31,B31,-1) -> 182 | G31: =IFERROR(__xludf.DUMMYFUNCTION("if(iferror(small(filter(Scores!B34:AX34,Scores!B34:AX34>0),2),-1)<>F31,iferror(small(filter(Scores!B34:AX34,Scores!B34:AX34>0),2),-1),-1)"),191.0) -> 191 | H31: =IFERROR(__xludf.DUMMYFUNCTION("if(iferror(small(filter(Scores!B34:AX34,Scores!B34:AX34>0),3),-1)<>iferror(small(filter(Scores!B34:AX34,Scores!B34:AX34>0),2),-1),iferror(small(filter(Scores!B34:AX34,Scores!B34:AX34>0),3),-1),-1)"),195.0) -> 195 | I31: =IFERROR(__xludf.DUMMYFUNCTION("IFERROR(COLUMNS(filter(Scores!B34:AE34,Scores!B34:AE34)),"""")"),36.0) -> 36 | J31: =COUNTIF(Scores!B34:AX34,B31) -> 1 | K31: =IFERROR(__xludf.DUMMYFUNCTION("""COMPUTED_VALUE"""),23.0) -> 23 | N31: =N30+10 -> 220 | O31: =CONCATENATE(N31,IF(N32<1000,concat("-",N32-1),"+")) -> 220-229 | P31: =countif($B$9:$B$408,concat(">=",N31))-countif($B$9:$B$408,concat(">=",N32)) -> 3 | S31: 309 | T31: 36 | U31: 2464 | W31: 238 | X31: 195 | Y31: 2305 | AA31: 277 | AB31: 34 | AC31: 155
A32: =HYPERLINK("https://arcprize.org/play?task=178fcbfb", 24) -> 24 | B32: =IFERROR(__xludf.DUMMYFUNCTION("min(filter(Scores!B35:AX35,Scores!B35:AX35>0))"),62.0) -> 62 | C32: 2438 | D32: {=if(B32,if(countif(Scores!B35:AX35,B32)=1,concat("💎",XLOOKUP(B32,Scores!B35:AX35,Scores!B$1:AX$1)),concat("🥇 x",countif(Scores!B35:AX35,B32))),"")} -> 🥇 x10 | E32: =if(countif(Scores!B35:AX35,B32)=1,F32,-1) -> -1 | F32: =if(B32,B32,-1) -> 62 | G32: =IFERROR(__xludf.DUMMYFUNCTION("if(iferror(small(filter(Scores!B35:AX35,Scores!B35:AX35>0),2),-1)<>F32,iferror(small(filter(Scores!B35:AX35,Scores!B35:AX35>0),2),-1),-1)"),-1.0) -> -1 | H32: =IFERROR(__xludf.DUMMYFUNCTION("if(iferror(small(filter(Scores!B35:AX35,Scores!B35:AX35>0),3),-1)<>iferror(small(filter(Scores!B35:AX35,Scores!B35:AX35>0),2),-1),iferror(small(filter(Scores!B35:AX35,Scores!B35:AX35>0),3),-1),-1)"),-1.0) -> -1 | I32: =IFERROR(__xludf.DUMMYFUNCTION("IFERROR(COLUMNS(filter(Scores!B35:AE35,Scores!B35:AE35)),"""")"),44.0) -> 44 | J32: =COUNTIF(Scores!B35:AX35,B32) -> 10 | K32: =IFERROR(__xludf.DUMMYFUNCTION("""COMPUTED_VALUE"""),24.0) -> 24 | N32: =N31+10 -> 230 | O32: =CONCATENATE(N32,IF(N33<1000,concat("-",N33-1),"+")) -> 230-239 | P32: =countif($B$9:$B$408,concat(">=",N32))-countif($B$9:$B$408,concat(">=",N33)) -> 4 | S32: 276 | T32: 37 | U32: 2463 | W32: 284 | X32: 195 | Y32: 2305 | AA32: 364 | AB32: 34 | AC32: 133
A33: =HYPERLINK("https://arcprize.org/play?task=1a07d186", 25) -> 25 | B33: =IFERROR(__xludf.DUMMYFUNCTION("min(filter(Scores!B36:AX36,Scores!B36:AX36>0))"),127.0) -> 127 | C33: 2373 | D33: {=if(B33,if(countif(Scores!B36:AX36,B33)=1,concat("💎",XLOOKUP(B33,Scores!B36:AX36,Scores!B$1:AX$1)),concat("🥇 x",countif(Scores!B36:AX36,B33))),"")} -> 💎Code Golf International | E33: =if(countif(Scores!B36:AX36,B33)=1,F33,-1) -> 127 | F33: =if(B33,B33,-1) -> 127 | G33: =IFERROR(__xludf.DUMMYFUNCTION("if(iferror(small(filter(Scores!B36:AX36,Scores!B36:AX36>0),2),-1)<>F33,iferror(small(filter(Scores!B36:AX36,Scores!B36:AX36>0),2),-1),-1)"),134.0) -> 134 | H33: =IFERROR(__xludf.DUMMYFUNCTION("if(iferror(small(filter(Scores!B36:AX36,Scores!B36:AX36>0),3),-1)<>iferror(small(filter(Scores!B36:AX36,Scores!B36:AX36>0),2),-1),iferror(small(filter(Scores!B36:AX36,Scores!B36:AX36>0),3),-1),-1)"),138.0) -> 138 | I33: =IFERROR(__xludf.DUMMYFUNCTION("IFERROR(COLUMNS(filter(Scores!B36:AE36,Scores!B36:AE36)),"""")"),38.0) -> 38 | J33: =COUNTIF(Scores!B36:AX36,B33) -> 1 | K33: =IFERROR(__xludf.DUMMYFUNCTION("""COMPUTED_VALUE"""),25.0) -> 25 | N33: =N32+10 -> 240 | O33: =CONCATENATE(N33,IF(N34<1000,concat("-",N34-1),"+")) -> 240-249 | P33: =countif($B$9:$B$408,concat(">=",N33))-countif($B$9:$B$408,concat(">=",N34)) -> 2 | S33: 339 | T33: 37 | U33: 2463 | W33: 319 | X33: 194 | Y33: 2306 | AA33: 260 | AB33: 34 | AC33: 130
A34: =HYPERLINK("https://arcprize.org/play?task=1b2d62fb", 26) -> 26 | B34: =IFERROR(__xludf.DUMMYFUNCTION("min(filter(Scores!B37:AX37,Scores!B37:AX37>0))"),50.0) -> 50 | C34: 2450 | D34: {=if(B34,if(countif(Scores!B37:AX37,B34)=1,concat("💎",XLOOKUP(B34,Scores!B37:AX37,Scores!B$1:AX$1)),concat("🥇 x",countif(Scores!B37:AX37,B34))),"")} -> 🥇 x4 | E34: =if(countif(Scores!B37:AX37,B34)=1,F34,-1) -> -1 | F34: =if(B34,B34,-1) -> 50 | G34: =IFERROR(__xludf.DUMMYFUNCTION("if(iferror(small(filter(Scores!B37:AX37,Scores!B37:AX37>0),2),-1)<>F34,iferror(small(filter(Scores!B37:AX37,Scores!B37:AX37>0),2),-1),-1)"),-1.0) -> -1 | H34: =IFERROR(__xludf.DUMMYFUNCTION("if(iferror(small(filter(Scores!B37:AX37,Scores!B37:AX37>0),3),-1)<>iferror(small(filter(Scores!B37:AX37,Scores!B37:AX37>0),2),-1),iferror(small(filter(Scores!B37:AX37,Scores!B37:AX37>0),3),-1),-1)"),-1.0) -> -1 | I34: =IFERROR(__xludf.DUMMYFUNCTION("IFERROR(COLUMNS(filter(Scores!B37:AE37,Scores!B37:AE37)),"""")"),45.0) -> 45 | J34: =COUNTIF(Scores!B37:AX37,B34) -> 4 | K34: =IFERROR(__xludf.DUMMYFUNCTION("""COMPUTED_VALUE"""),26.0) -> 26 | N34: =N33+10 -> 250 | O34: =CONCATENATE(N34,IF(N35<1000,concat("-",N35-1),"+")) -> 250-259 | P34: =countif($B$9:$B$408,concat(">=",N34))-countif($B$9:$B$408,concat(">=",N35)) -> 2 | S34: 373 | T34: 38 | U34: 2462 | W34: 308 | X34: 192 | Y34: 2308 | AA34: 382 | AB34: 34 | AC34: 124
A35: =HYPERLINK("https://arcprize.org/play?task=1b60fb0c", 27) -> 27 | B35: =IFERROR(__xludf.DUMMYFUNCTION("min(filter(Scores!B38:AX38,Scores!B38:AX38>0))"),97.0) -> 97 | C35: 2403 | D35: {=if(B35,if(countif(Scores!B38:AX38,B35)=1,concat("💎",XLOOKUP(B35,Scores!B38:AX38,Scores!B$1:AX$1)),concat("🥇 x",countif(Scores!B38:AX38,B35))),"")} -> 💎Code Golf International | E35: =if(countif(Scores!B38:AX38,B35)=1,F35,-1) -> 97 | F35: =if(B35,B35,-1) -> 97 | G35: =IFERROR(__xludf.DUMMYFUNCTION("if(iferror(small(filter(Scores!B38:AX38,Scores!B38:AX38>0),2),-1)<>F35,iferror(small(filter(Scores!B38:AX38,Scores!B38:AX38>0),2),-1),-1)"),103.0) -> 103 | H35: =IFERROR(__xludf.DUMMYFUNCTION("if(iferror(small(filter(Scores!B38:AX38,Scores!B38:AX38>0),3),-1)<>iferror(small(filter(Scores!B38:AX38,Scores!B38:AX38>0),2),-1),iferror(small(filter(Scores!B38:AX38,Scores!B38:AX38>0),3),-1),-1)"),-1.0) -> -1 | I35: =IFERROR(__xludf.DUMMYFUNCTION("IFERROR(COLUMNS(filter(Scores!B38:AE38,Scores!B38:AE38)),"""")"),39.0) -> 39 | J35: =COUNTIF(Scores!B38:AX38,B35) -> 1 | K35: =IFERROR(__xludf.DUMMYFUNCTION("""COMPUTED_VALUE"""),27.0) -> 27 | N35: =N34+10 -> 260 | O35: =CONCATENATE(N35,IF(N36<1000,concat("-",N36-1),"+")) -> 260-269 | P35: =countif($B$9:$B$408,concat(">=",N35))-countif($B$9:$B$408,concat(">=",N36)) -> 3 | S35: 32 | T35: 39 | U35: 2461 | W35: 387 | X35: 192 | Y35: 2308 | AA35: 383 | AB35: 34 | AC35: 120
A36: =HYPERLINK("https://arcprize.org/play?task=1bfc4729", 28) -> 28 | B36: =IFERROR(__xludf.DUMMYFUNCTION("min(filter(Scores!B39:AX39,Scores!B39:AX39>0))"),63.0) -> 63 | C36: 2437 | D36: {=if(B36,if(countif(Scores!B39:AX39,B36)=1,concat("💎",XLOOKUP(B36,Scores!B39:AX39,Scores!B$1:AX$1)),concat("🥇 x",countif(Scores!B39:AX39,B36))),"")} -> 🥇 x3 | E36: =if(countif(Scores!B39:AX39,B36)=1,F36,-1) -> -1 | F36: =if(B36,B36,-1) -> 63 | G36: =IFERROR(__xludf.DUMMYFUNCTION("if(iferror(small(filter(Scores!B39:AX39,Scores!B39:AX39>0),2),-1)<>F36,iferror(small(filter(Scores!B39:AX39,Scores!B39:AX39>0),2),-1),-1)"),-1.0) -> -1 | H36: =IFERROR(__xludf.DUMMYFUNCTION("if(iferror(small(filter(Scores!B39:AX39,Scores!B39:AX39>0),3),-1)<>iferror(small(filter(Scores!B39:AX39,Scores!B39:AX39>0),2),-1),iferror(small(filter(Scores!B39:AX39,Scores!B39:AX39>0),3),-1),-1)"),-1.0) -> -1 | I36: =IFERROR(__xludf.DUMMYFUNCTION("IFERROR(COLUMNS(filter(Scores!B39:AE39,Scores!B39:AE39)),"""")"),44.0) -> 44 | J36: =COUNTIF(Scores!B39:AX39,B36) -> 3 | K36: =IFERROR(__xludf.DUMMYFUNCTION("""COMPUTED_VALUE"""),28.0) -> 28 | N36: =N35+10 -> 270 | O36: =CONCATENATE(N36,IF(N37<1000,concat("-",N37-1),"+")) -> 270-279 | P36: =countif($B$9:$B$408,concat(">=",N36))-countif($B$9:$B$408,concat(">=",N37)) -> 2 | S36: 56 | T36: 39 | U36: 2461 | W36: 268 | X36: 190 | Y36: 2310 | AA36: 153 | AB36: 34 | AC36: 118
A37: =HYPERLINK("https://arcprize.org/play?task=1c786137", 29) -> 29 | B37: =IFERROR(__xludf.DUMMYFUNCTION("min(filter(Scores!B40:AX40,Scores!B40:AX40>0))"),103.0) -> 103 | C37: 2397 | D37: {=if(B37,if(countif(Scores!B40:AX40,B37)=1,concat("💎",XLOOKUP(B37,Scores!B40:AX40,Scores!B$1:AX$1)),concat("🥇 x",countif(Scores!B40:AX40,B37))),"")} -> 💎Code Golf International | E37: =if(countif(Scores!B40:AX40,B37)=1,F37,-1) -> 103 | F37: =if(B37,B37,-1) -> 103 | G37: =IFERROR(__xludf.DUMMYFUNCTION("if(iferror(small(filter(Scores!B40:AX40,Scores!B40:AX40>0),2),-1)<>F37,iferror(small(filter(Scores!B40:AX40,Scores!B40:AX40>0),2),-1),-1)"),108.0) -> 108 | H37: =IFERROR(__xludf.DUMMYFUNCTION("if(iferror(small(filter(Scores!B40:AX40,Scores!B40:AX40>0),3),-1)<>iferror(small(filter(Scores!B40:AX40,Scores!B40:AX40>0),2),-1),iferror(small(filter(Scores!B40:AX40,Scores!B40:AX40>0),3),-1),-1)"),-1.0) -> -1 | I37: =IFERROR(__xludf.DUMMYFUNCTION("IFERROR(COLUMNS(filter(Scores!B40:AE40,Scores!B40:AE40)),"""")"),38.0) -> 38 | J37: =COUNTIF(Scores!B40:AX40,B37) -> 1 | K37: =IFERROR(__xludf.DUMMYFUNCTION("""COMPUTED_VALUE"""),29.0) -> 29 | N37: =N36+10 -> 280 | O37: =CONCATENATE(N37,IF(N38<1000,concat("-",N38-1),"+")) -> 280-289 | P37: =countif($B$9:$B$408,concat(">=",N37))-countif($B$9:$B$408,concat(">=",N38)) -> 1 | S37: 152 | T37: 39 | U37: 2461 | W37: 201 | X37: 187 | Y37: 2313 | AA37: 117 | AB37: 34 | AC37: 115
A38: =HYPERLINK("https://arcprize.org/play?task=1caeab9d", 30) -> 30 | B38: =IFERROR(__xludf.DUMMYFUNCTION("min(filter(Scores!B41:AX41,Scores!B41:AX41>0))"),93.0) -> 93 | C38: 2407 | D38: {=if(B38,if(countif(Scores!B41:AX41,B38)=1,concat("💎",XLOOKUP(B38,Scores!B41:AX41,Scores!B$1:AX$1)),concat("🥇 x",countif(Scores!B41:AX41,B38))),"")} -> 🥇 x3 | E38: =if(countif(Scores!B41:AX41,B38)=1,F38,-1) -> -1 | F38: =if(B38,B38,-1) -> 93 | G38: =IFERROR(__xludf.DUMMYFUNCTION("if(iferror(small(filter(Scores!B41:AX41,Scores!B41:AX41>0),2),-1)<>F38,iferror(small(filter(Scores!B41:AX41,Scores!B41:AX41>0),2),-1),-1)"),-1.0) -> -1 | H38: =IFERROR(__xludf.DUMMYFUNCTION("if(iferror(small(filter(Scores!B41:AX41,Scores!B41:AX41>0),3),-1)<>iferror(small(filter(Scores!B41:AX41,Scores!B41:AX41>0),2),-1),iferror(small(filter(Scores!B41:AX41,Scores!B41:AX41>0),3),-1),-1)"),-1.0) -> -1 | I38: =IFERROR(__xludf.DUMMYFUNCTION("IFERROR(COLUMNS(filter(Scores!B41:AE41,Scores!B41:AE41)),"""")"),39.0) -> 39 | J38: =COUNTIF(Scores!B41:AX41,B38) -> 3 | K38: =IFERROR(__xludf.DUMMYFUNCTION("""COMPUTED_VALUE"""),30.0) -> 30 | N38: =N37+10 -> 290 | O38: =CONCATENATE(N38,IF(N39<1000,concat("-",N39-1),"+")) -> 290-299 | P38: =countif($B$9:$B$408,concat(">=",N38))-countif($B$9:$B$408,concat(">=",N39)) -> 0 | S38: 262 | T38: 39 | U38: 2461 | W38: 361 | X38: 185 | Y38: 2315 | AA38: 185 | AB38: 34 | AC38: 107
A39: =HYPERLINK("https://arcprize.org/play?task=1cf80156", 31) -> 31 | B39: =IFERROR(__xludf.DUMMYFUNCTION("min(filter(Scores!B42:AX42,Scores!B42:AX42>0))"),45.0) -> 45 | C39: 2455 | D39: {=if(B39,if(countif(Scores!B42:AX42,B39)=1,concat("💎",XLOOKUP(B39,Scores!B42:AX42,Scores!B$1:AX$1)),concat("🥇 x",countif(Scores!B42:AX42,B39))),"")} -> 🥇 x4 | E39: =if(countif(Scores!B42:AX42,B39)=1,F39,-1) -> -1 | F39: =if(B39,B39,-1) -> 45 | G39: =IFERROR(__xludf.DUMMYFUNCTION("if(iferror(small(filter(Scores!B42:AX42,Scores!B42:AX42>0),2),-1)<>F39,iferror(small(filter(Scores!B42:AX42,Scores!B42:AX42>0),2),-1),-1)"),-1.0) -> -1 | H39: =IFERROR(__xludf.DUMMYFUNCTION("if(iferror(small(filter(Scores!B42:AX42,Scores!B42:AX42>0),3),-1)<>iferror(small(filter(Scores!B42:AX42,Scores!B42:AX42>0),2),-1),iferror(small(filter(Scores!B42:AX42,Scores!B42:AX42>0),3),-1),-1)"),-1.0) -> -1 | I39: =IFERROR(__xludf.DUMMYFUNCTION("IFERROR(COLUMNS(filter(Scores!B42:AE42,Scores!B42:AE42)),"""")"),46.0) -> 46 | J39: =COUNTIF(Scores!B42:AX42,B39) -> 4 | K39: =IFERROR(__xludf.DUMMYFUNCTION("""COMPUTED_VALUE"""),31.0) -> 31 | N39: =N38+10 -> 300 | O39: =CONCATENATE(N39,IF(N40<1000,concat("-",N40-1),"+")) -> 300-309 | P39: =countif($B$9:$B$408,concat(">=",N39))-countif($B$9:$B$408,concat(">=",N40)) -> 1 | S39: 52 | T39: 40 | U39: 2460 | W39: 23 | X39: 182 | Y39: 2318 | AA39: 279 | AB39: 34 | AC39: 106
A40: =HYPERLINK("https://arcprize.org/play?task=1e0a9b12", 32) -> 32 | B40: =IFERROR(__xludf.DUMMYFUNCTION("min(filter(Scores!B43:AX43,Scores!B43:AX43>0))"),39.0) -> 39 | C40: 2461 | D40: {=if(B40,if(countif(Scores!B43:AX43,B40)=1,concat("💎",XLOOKUP(B40,Scores!B43:AX43,Scores!B$1:AX$1)),concat("🥇 x",countif(Scores!B43:AX43,B40))),"")} -> 🥇 x36 | E40: =if(countif(Scores!B43:AX43,B40)=1,F40,-1) -> -1 | F40: =if(B40,B40,-1) -> 39 | G40: =IFERROR(__xludf.DUMMYFUNCTION("if(iferror(small(filter(Scores!B43:AX43,Scores!B43:AX43>0),2),-1)<>F40,iferror(small(filter(Scores!B43:AX43,Scores!B43:AX43>0),2),-1),-1)"),-1.0) -> -1 | H40: =IFERROR(__xludf.DUMMYFUNCTION("if(iferror(small(filter(Scores!B43:AX43,Scores!B43:AX43>0),3),-1)<>iferror(small(filter(Scores!B43:AX43,Scores!B43:AX43>0),2),-1),iferror(small(filter(Scores!B43:AX43,Scores!B43:AX43>0),3),-1),-1)"),-1.0) -> -1 | I40: =IFERROR(__xludf.DUMMYFUNCTION("IFERROR(COLUMNS(filter(Scores!B43:AE43,Scores!B43:AE43)),"""")"),46.0) -> 46 | J40: =COUNTIF(Scores!B43:AX43,B40) -> 36 | K40: =IFERROR(__xludf.DUMMYFUNCTION("""COMPUTED_VALUE"""),32.0) -> 32 | N40: =N39+10 -> 310 | O40: =CONCATENATE(N40,IF(N41<1000,concat("-",N41-1),"+")) -> 310-319 | P40: =countif($B$9:$B$408,concat(">=",N40))-countif($B$9:$B$408,concat(">=",N41)) -> 0 | S40: 83 | T40: 40 | U40: 2460 | W40: 264 | X40: 178 | Y40: 2322 | AA40: 265 | AB40: 34 | AC40: 104
A41: =HYPERLINK("https://arcprize.org/play?task=1e32b0e9", 33) -> 33 | B41: =IFERROR(__xludf.DUMMYFUNCTION("min(filter(Scores!B44:AX44,Scores!B44:AX44>0))"),71.0) -> 71 | C41: 2429 | D41: {=if(B41,if(countif(Scores!B44:AX44,B41)=1,concat("💎",XLOOKUP(B41,Scores!B44:AX44,Scores!B$1:AX$1)),concat("🥇 x",countif(Scores!B44:AX44,B41))),"")} -> 💎Code Golf International | E41: =if(countif(Scores!B44:AX44,B41)=1,F41,-1) -> 71 | F41: =if(B41,B41,-1) -> 71 | G41: =IFERROR(__xludf.DUMMYFUNCTION("if(iferror(small(filter(Scores!B44:AX44,Scores!B44:AX44>0),2),-1)<>F41,iferror(small(filter(Scores!B44:AX44,Scores!B44:AX44>0),2),-1),-1)"),73.0) -> 73 | H41: =IFERROR(__xludf.DUMMYFUNCTION("if(iferror(small(filter(Scores!B44:AX44,Scores!B44:AX44>0),3),-1)<>iferror(small(filter(Scores!B44:AX44,Scores!B44:AX44>0),2),-1),iferror(small(filter(Scores!B44:AX44,Scores!B44:AX44>0),3),-1),-1)"),-1.0) -> -1 | I41: =IFERROR(__xludf.DUMMYFUNCTION("IFERROR(COLUMNS(filter(Scores!B44:AE44,Scores!B44:AE44)),"""")"),42.0) -> 42 | J41: =COUNTIF(Scores!B44:AX44,B41) -> 1 | K41: =IFERROR(__xludf.DUMMYFUNCTION("""COMPUTED_VALUE"""),33.0) -> 33 | N41: =N40+10 -> 320 | O41: =CONCATENATE(N41,IF(N42<1000,concat("-",N42-1),"+")) -> 320-329 | P41: =countif($B$9:$B$408,concat(">=",N41))-countif($B$9:$B$408,concat(">=",N42)) -> 0 | S41: 142 | T41: 40 | U41: 2460 | W41: 363 | X41: 175 | Y41: 2325 | AA41: 250 | AB41: 34 | AC41: 95
A42: =HYPERLINK("https://arcprize.org/play?task=1f0c79e5", 34) -> 34 | B42: =IFERROR(__xludf.DUMMYFUNCTION("min(filter(Scores!B45:AX45,Scores!B45:AX45>0))"),116.0) -> 116 | C42: 2384 | D42: {=if(B42,if(countif(Scores!B45:AX45,B42)=1,concat("💎",XLOOKUP(B42,Scores!B45:AX45,Scores!B$1:AX$1)),concat("🥇 x",countif(Scores!B45:AX45,B42))),"")} -> 💎Code Golf International | E42: =if(countif(Scores!B45:AX45,B42)=1,F42,-1) -> 116 | F42: =if(B42,B42,-1) -> 116 | G42: =IFERROR(__xludf.DUMMYFUNCTION("if(iferror(small(filter(Scores!B45:AX45,Scores!B45:AX45>0),2),-1)<>F42,iferror(small(filter(Scores!B45:AX45,Scores!B45:AX45>0),2),-1),-1)"),125.0) -> 125 | H42: =IFERROR(__xludf.DUMMYFUNCTION("if(iferror(small(filter(Scores!B45:AX45,Scores!B45:AX45>0),3),-1)<>iferror(small(filter(Scores!B45:AX45,Scores!B45:AX45>0),2),-1),iferror(small(filter(Scores!B45:AX45,Scores!B45:AX45>0),3),-1),-1)"),126.0) -> 126 | I42: =IFERROR(__xludf.DUMMYFUNCTION("IFERROR(COLUMNS(filter(Scores!B45:AE45,Scores!B45:AE45)),"""")"),37.0) -> 37 | J42: =COUNTIF(Scores!B45:AX45,B42) -> 1 | K42: =IFERROR(__xludf.DUMMYFUNCTION("""COMPUTED_VALUE"""),34.0) -> 34 | N42: =N41+10 -> 330 | O42: =CONCATENATE(N42,IF(N43<1000,concat("-",N43-1),"+")) -> 330-339 | P42: =countif($B$9:$B$408,concat(">=",N42))-countif($B$9:$B$408,concat(">=",N43)) -> 0 | S42: 215 | T42: 42 | U42: 2458 | W42: 349 | X42: 172 | Y42: 2328 | AA42: 366 | AB42: 35 | AC42: 301
A43: =HYPERLINK("https://arcprize.org/play?task=1f642eb9", 35) -> 35 | B43: =IFERROR(__xludf.DUMMYFUNCTION("min(filter(Scores!B46:AX46,Scores!B46:AX46>0))"),82.0) -> 82 | C43: 2418 | D43: {=if(B43,if(countif(Scores!B46:AX46,B43)=1,concat("💎",XLOOKUP(B43,Scores!B46:AX46,Scores!B$1:AX$1)),concat("🥇 x",countif(Scores!B46:AX46,B43))),"")} -> 🥇 x2 | E43: =if(countif(Scores!B46:AX46,B43)=1,F43,-1) -> -1 | F43: =if(B43,B43,-1) -> 82 | G43: =IFERROR(__xludf.DUMMYFUNCTION("if(iferror(small(filter(Scores!B46:AX46,Scores!B46:AX46>0),2),-1)<>F43,iferror(small(filter(Scores!B46:AX46,Scores!B46:AX46>0),2),-1),-1)"),-1.0) -> -1 | H43: =IFERROR(__xludf.DUMMYFUNCTION("if(iferror(small(filter(Scores!B46:AX46,Scores!B46:AX46>0),3),-1)<>iferror(small(filter(Scores!B46:AX46,Scores!B46:AX46>0),2),-1),iferror(small(filter(Scores!B46:AX46,Scores!B46:AX46>0),3),-1),-1)"),83.0) -> 83 | I43: =IFERROR(__xludf.DUMMYFUNCTION("IFERROR(COLUMNS(filter(Scores!B46:AE46,Scores!B46:AE46)),"""")"),40.0) -> 40 | J43: =COUNTIF(Scores!B46:AX46,B43) -> 2 | K43: =IFERROR(__xludf.DUMMYFUNCTION("""COMPUTED_VALUE"""),35.0) -> 35 | N43: =N42+10 -> 340 | O43: =CONCATENATE(N43,IF(N44<1000,concat("-",N44-1),"+")) -> 340-349 | P43: =countif($B$9:$B$408,concat(">=",N43))-countif($B$9:$B$408,concat(">=",N44)) -> 0 | S43: 231 | T43: 42 | U43: 2458 | W43: 5 | X43: 166 | Y43: 2334 | AA43: 96 | AB43: 35 | AC43: 282
A44: =HYPERLINK("https://arcprize.org/play?task=1f85a75f", 36) -> 36 | B44: =IFERROR(__xludf.DUMMYFUNCTION("min(filter(Scores!B47:AX47,Scores!B47:AX47>0))"),75.0) -> 75 | C44: 2425 | D44: {=if(B44,if(countif(Scores!B47:AX47,B44)=1,concat("💎",XLOOKUP(B44,Scores!B47:AX47,Scores!B$1:AX$1)),concat("🥇 x",countif(Scores!B47:AX47,B44))),"")} -> 🥇 x3 | E44: =if(countif(Scores!B47:AX47,B44)=1,F44,-1) -> -1 | F44: =if(B44,B44,-1) -> 75 | G44: =IFERROR(__xludf.DUMMYFUNCTION("if(iferror(small(filter(Scores!B47:AX47,Scores!B47:AX47>0),2),-1)<>F44,iferror(small(filter(Scores!B47:AX47,Scores!B47:AX47>0),2),-1),-1)"),-1.0) -> -1 | H44: =IFERROR(__xludf.DUMMYFUNCTION("if(iferror(small(filter(Scores!B47:AX47,Scores!B47:AX47>0),3),-1)<>iferror(small(filter(Scores!B47:AX47,Scores!B47:AX47>0),2),-1),iferror(small(filter(Scores!B47:AX47,Scores!B47:AX47>0),3),-1),-1)"),-1.0) -> -1 | I44: =IFERROR(__xludf.DUMMYFUNCTION("IFERROR(COLUMNS(filter(Scores!B47:AE47,Scores!B47:AE47)),"""")"),41.0) -> 41 | J44: =COUNTIF(Scores!B47:AX47,B44) -> 3 | K44: =IFERROR(__xludf.DUMMYFUNCTION("""COMPUTED_VALUE"""),36.0) -> 36 | N44: =N43+10 -> 350 | O44: =CONCATENATE(N44,IF(N45<1000,concat("-",N45-1),"+")) -> 350-359 | P44: =countif($B$9:$B$408,concat(">=",N44))-countif($B$9:$B$408,concat(">=",N45)) -> 0 | S44: 16 | T44: 43 | U44: 2457 | W44: 46 | X44: 166 | Y44: 2334 | AA44: 133 | AB44: 35 | AC44: 273
A45: =HYPERLINK("https://arcprize.org/play?task=1f876c06", 37) -> 37 | B45: =IFERROR(__xludf.DUMMYFUNCTION("min(filter(Scores!B48:AX48,Scores!B48:AX48>0))"),101.0) -> 101 | C45: 2399 | D45: {=if(B45,if(countif(Scores!B48:AX48,B45)=1,concat("💎",XLOOKUP(B45,Scores!B48:AX48,Scores!B$1:AX$1)),concat("🥇 x",countif(Scores!B48:AX48,B45))),"")} -> 💎Code Golf International | E45: =if(countif(Scores!B48:AX48,B45)=1,F45,-1) -> 101 | F45: =if(B45,B45,-1) -> 101 | G45: =IFERROR(__xludf.DUMMYFUNCTION("if(iferror(small(filter(Scores!B48:AX48,Scores!B48:AX48>0),2),-1)<>F45,iferror(small(filter(Scores!B48:AX48,Scores!B48:AX48>0),2),-1),-1)"),104.0) -> 104 | H45: =IFERROR(__xludf.DUMMYFUNCTION("if(iferror(small(filter(Scores!B48:AX48,Scores!B48:AX48>0),3),-1)<>iferror(small(filter(Scores!B48:AX48,Scores!B48:AX48>0),2),-1),iferror(small(filter(Scores!B48:AX48,Scores!B48:AX48>0),3),-1),-1)"),-1.0) -> -1 | I45: =IFERROR(__xludf.DUMMYFUNCTION("IFERROR(COLUMNS(filter(Scores!B48:AE48,Scores!B48:AE48)),"""")"),38.0) -> 38 | J45: =COUNTIF(Scores!B48:AX48,B45) -> 1 | K45: =IFERROR(__xludf.DUMMYFUNCTION("""COMPUTED_VALUE"""),37.0) -> 37 | N45: =N44+10 -> 360 | O45: =CONCATENATE(N45,IF(N46<1000,concat("-",N46-1),"+")) -> 360-369 | P45: =countif($B$9:$B$408,concat(">=",N45))-countif($B$9:$B$408,concat(">=",N46)) -> 0 | S45: 297 | T45: 43 | U45: 2457 | W45: 170 | X45: 163 | Y45: 2337 | AA45: 54 | AB45: 35 | AC45: 266
A46: =HYPERLINK("https://arcprize.org/play?task=1fad071e", 38) -> 38 | B46: =IFERROR(__xludf.DUMMYFUNCTION("min(filter(Scores!B49:AX49,Scores!B49:AX49>0))"),51.0) -> 51 | C46: 2449 | D46: {=if(B46,if(countif(Scores!B49:AX49,B46)=1,concat("💎",XLOOKUP(B46,Scores!B49:AX49,Scores!B$1:AX$1)),concat("🥇 x",countif(Scores!B49:AX49,B46))),"")} -> 🥇 x13 | E46: =if(countif(Scores!B49:AX49,B46)=1,F46,-1) -> -1 | F46: =if(B46,B46,-1) -> 51 | G46: =IFERROR(__xludf.DUMMYFUNCTION("if(iferror(small(filter(Scores!B49:AX49,Scores!B49:AX49>0),2),-1)<>F46,iferror(small(filter(Scores!B49:AX49,Scores!B49:AX49>0),2),-1),-1)"),-1.0) -> -1 | H46: =IFERROR(__xludf.DUMMYFUNCTION("if(iferror(small(filter(Scores!B49:AX49,Scores!B49:AX49>0),3),-1)<>iferror(small(filter(Scores!B49:AX49,Scores!B49:AX49>0),2),-1),iferror(small(filter(Scores!B49:AX49,Scores!B49:AX49>0),3),-1),-1)"),-1.0) -> -1 | I46: =IFERROR(__xludf.DUMMYFUNCTION("IFERROR(COLUMNS(filter(Scores!B49:AE49,Scores!B49:AE49)),"""")"),45.0) -> 45 | J46: =COUNTIF(Scores!B49:AX49,B46) -> 13 | K46: =IFERROR(__xludf.DUMMYFUNCTION("""COMPUTED_VALUE"""),38.0) -> 38 | N46: =N45+10 -> 370 | O46: =CONCATENATE(N46,IF(N47<1000,concat("-",N47-1),"+")) -> 370-379 | P46: =countif($B$9:$B$408,concat(">=",N46))-countif($B$9:$B$408,concat(">=",N47)) -> 0 | S46: 317 | T46: 43 | U46: 2457 | W46: 208 | X46: 163 | Y46: 2337 | AA46: 158 | AB46: 35 | AC46: 260
A47: =HYPERLINK("https://arcprize.org/play?task=2013d3e2", 39) -> 39 | B47: =IFERROR(__xludf.DUMMYFUNCTION("min(filter(Scores!B50:AX50,Scores!B50:AX50>0))"),60.0) -> 60 | C47: 2440 | D47: {=if(B47,if(countif(Scores!B50:AX50,B47)=1,concat("💎",XLOOKUP(B47,Scores!B50:AX50,Scores!B$1:AX$1)),concat("🥇 x",countif(Scores!B50:AX50,B47))),"")} -> 🥇 x5 | E47: =if(countif(Scores!B50:AX50,B47)=1,F47,-1) -> -1 | F47: =if(B47,B47,-1) -> 60 | G47: =IFERROR(__xludf.DUMMYFUNCTION("if(iferror(small(filter(Scores!B50:AX50,Scores!B50:AX50>0),2),-1)<>F47,iferror(small(filter(Scores!B50:AX50,Scores!B50:AX50>0),2),-1),-1)"),-1.0) -> -1 | H47: =IFERROR(__xludf.DUMMYFUNCTION("if(iferror(small(filter(Scores!B50:AX50,Scores!B50:AX50>0),3),-1)<>iferror(small(filter(Scores!B50:AX50,Scores!B50:AX50>0),2),-1),iferror(small(filter(Scores!B50:AX50,Scores!B50:AX50>0),3),-1),-1)"),-1.0) -> -1 | I47: =IFERROR(__xludf.DUMMYFUNCTION("IFERROR(COLUMNS(filter(Scores!B50:AE50,Scores!B50:AE50)),"""")"),43.0) -> 43 | J47: =COUNTIF(Scores!B50:AX50,B47) -> 5 | K47: =IFERROR(__xludf.DUMMYFUNCTION("""COMPUTED_VALUE"""),39.0) -> 39 | N47: =N46+10 -> 380 | O47: =CONCATENATE(N47,IF(N48<1000,concat("-",N48-1),"+")) -> 380-389 | P47: =countif($B$9:$B$408,concat(">=",N47))-countif($B$9:$B$408,concat(">=",N48)) -> 0 | S47: 337 | T47: 43 | U47: 2457 | W47: 182 | X47: 160 | Y47: 2340 | AA47: 44 | AB47: 35 | AC47: 195
A48: =HYPERLINK("https://arcprize.org/play?task=2204b7a8", 40) -> 40 | B48: =IFERROR(__xludf.DUMMYFUNCTION("min(filter(Scores!B51:AX51,Scores!B51:AX51>0))"),63.0) -> 63 | C48: 2437 | D48: {=if(B48,if(countif(Scores!B51:AX51,B48)=1,concat("💎",XLOOKUP(B48,Scores!B51:AX51,Scores!B$1:AX$1)),concat("🥇 x",countif(Scores!B51:AX51,B48))),"")} -> 💎Code Golf International | E48: =if(countif(Scores!B51:AX51,B48)=1,F48,-1) -> 63 | F48: =if(B48,B48,-1) -> 63 | G48: =IFERROR(__xludf.DUMMYFUNCTION("if(iferror(small(filter(Scores!B51:AX51,Scores!B51:AX51>0),2),-1)<>F48,iferror(small(filter(Scores!B51:AX51,Scores!B51:AX51>0),2),-1),-1)"),69.0) -> 69 | H48: =IFERROR(__xludf.DUMMYFUNCTION("if(iferror(small(filter(Scores!B51:AX51,Scores!B51:AX51>0),3),-1)<>iferror(small(filter(Scores!B51:AX51,Scores!B51:AX51>0),2),-1),iferror(small(filter(Scores!B51:AX51,Scores!B51:AX51>0),3),-1),-1)"),-1.0) -> -1 | I48: =IFERROR(__xludf.DUMMYFUNCTION("IFERROR(COLUMNS(filter(Scores!B51:AE51,Scores!B51:AE51)),"""")"),41.0) -> 41 | J48: =COUNTIF(Scores!B51:AX51,B48) -> 1 | K48: =IFERROR(__xludf.DUMMYFUNCTION("""COMPUTED_VALUE"""),40.0) -> 40 | N48: =N47+10 -> 390 | O48: =CONCATENATE(N48,IF(N49<1000,concat("-",N49-1),"+")) -> 390-399 | P48: =countif($B$9:$B$408,concat(">=",N48))-countif($B$9:$B$408,concat(">=",N49)) -> 0 | S48: 312 | T48: 44 | U48: 2456 | W48: 370 | X48: 159 | Y48: 2341 | AA48: 284 | AB48: 35 | AC48: 195
A49: =HYPERLINK("https://arcprize.org/play?task=22168020", 41) -> 41 | B49: =IFERROR(__xludf.DUMMYFUNCTION("min(filter(Scores!B52:AX52,Scores!B52:AX52>0))"),49.0) -> 49 | C49: 2451 | D49: {=if(B49,if(countif(Scores!B52:AX52,B49)=1,concat("💎",XLOOKUP(B49,Scores!B52:AX52,Scores!B$1:AX$1)),concat("🥇 x",countif(Scores!B52:AX52,B49))),"")} -> 🥇 x21 | E49: =if(countif(Scores!B52:AX52,B49)=1,F49,-1) -> -1 | F49: =if(B49,B49,-1) -> 49 | G49: =IFERROR(__xludf.DUMMYFUNCTION("if(iferror(small(filter(Scores!B52:AX52,Scores!B52:AX52>0),2),-1)<>F49,iferror(small(filter(Scores!B52:AX52,Scores!B52:AX52>0),2),-1),-1)"),-1.0) -> -1 | H49: =IFERROR(__xludf.DUMMYFUNCTION("if(iferror(small(filter(Scores!B52:AX52,Scores!B52:AX52>0),3),-1)<>iferror(small(filter(Scores!B52:AX52,Scores!B52:AX52>0),2),-1),iferror(small(filter(Scores!B52:AX52,Scores!B52:AX52>0),3),-1),-1)"),-1.0) -> -1 | I49: =IFERROR(__xludf.DUMMYFUNCTION("IFERROR(COLUMNS(filter(Scores!B52:AE52,Scores!B52:AE52)),"""")"),45.0) -> 45 | J49: =COUNTIF(Scores!B52:AX52,B49) -> 21 | K49: =IFERROR(__xludf.DUMMYFUNCTION("""COMPUTED_VALUE"""),41.0) -> 41 | N49: =N48+10 -> 400 | O49: =CONCATENATE(N49,IF(N50<1000,concat("-",N50-1),"+")) -> 400+ | P49: =countif($B$9:$B$408,concat(">=",N49))-countif($B$9:$B$408,concat(">=",N50)) -> 0 | S49: 31 | T49: 45 | U49: 2455 | W49: 328 | X49: 158 | Y49: 2342 | AA49: 387 | AB49: 35 | AC49: 192
A50: =HYPERLINK("https://arcprize.org/play?task=22233c11", 42) -> 42 | B50: =IFERROR(__xludf.DUMMYFUNCTION("min(filter(Scores!B53:AX53,Scores!B53:AX53>0))"),132.0) -> 132 | C50: 2368 | D50: {=if(B50,if(countif(Scores!B53:AX53,B50)=1,concat("💎",XLOOKUP(B50,Scores!B53:AX53,Scores!B$1:AX$1)),concat("🥇 x",countif(Scores!B53:AX53,B50))),"")} -> 💎jailctf merger | E50: =if(countif(Scores!B53:AX53,B50)=1,F50,-1) -> 132 | F50: =if(B50,B50,-1) -> 132 | G50: =IFERROR(__xludf.DUMMYFUNCTION("if(iferror(small(filter(Scores!B53:AX53,Scores!B53:AX53>0),2),-1)<>F50,iferror(small(filter(Scores!B53:AX53,Scores!B53:AX53>0),2),-1),-1)"),134.0) -> 134 | H50: =IFERROR(__xludf.DUMMYFUNCTION("if(iferror(small(filter(Scores!B53:AX53,Scores!B53:AX53>0),3),-1)<>iferror(small(filter(Scores!B53:AX53,Scores!B53:AX53>0),2),-1),iferror(small(filter(Scores!B53:AX53,Scores!B53:AX53>0),3),-1),-1)"),136.0) -> 136 | I50: =IFERROR(__xludf.DUMMYFUNCTION("IFERROR(COLUMNS(filter(Scores!B53:AE53,Scores!B53:AE53)),"""")"),36.0) -> 36 | J50: =COUNTIF(Scores!B53:AX53,B50) -> 1 | K50: =IFERROR(__xludf.DUMMYFUNCTION("""COMPUTED_VALUE"""),42.0) -> 42 | N50: 99999 | S50: 45 | T50: 45 | U50: 2455 | W50: 145 | X50: 157 | Y50: 2343 | AA50: 46 | AB50: 35 | AC50: 166
A51: =HYPERLINK("https://arcprize.org/play?task=2281f1f4", 43) -> 43 | B51: =IFERROR(__xludf.DUMMYFUNCTION("min(filter(Scores!B54:AX54,Scores!B54:AX54>0))"),56.0) -> 56 | C51: 2444 | D51: {=if(B51,if(countif(Scores!B54:AX54,B51)=1,concat("💎",XLOOKUP(B51,Scores!B54:AX54,Scores!B$1:AX$1)),concat("🥇 x",countif(Scores!B54:AX54,B51))),"")} -> 🥇 x4 | E51: =if(countif(Scores!B54:AX54,B51)=1,F51,-1) -> -1 | F51: =if(B51,B51,-1) -> 56 | G51: =IFERROR(__xludf.DUMMYFUNCTION("if(iferror(small(filter(Scores!B54:AX54,Scores!B54:AX54>0),2),-1)<>F51,iferror(small(filter(Scores!B54:AX54,Scores!B54:AX54>0),2),-1),-1)"),-1.0) -> -1 | H51: =IFERROR(__xludf.DUMMYFUNCTION("if(iferror(small(filter(Scores!B54:AX54,Scores!B54:AX54>0),3),-1)<>iferror(small(filter(Scores!B54:AX54,Scores!B54:AX54>0),2),-1),iferror(small(filter(Scores!B54:AX54,Scores!B54:AX54>0),3),-1),-1)"),-1.0) -> -1 | I51: =IFERROR(__xludf.DUMMYFUNCTION("IFERROR(COLUMNS(filter(Scores!B54:AE54,Scores!B54:AE54)),"""")"),44.0) -> 44 | J51: =COUNTIF(Scores!B54:AX54,B51) -> 4 | K51: =IFERROR(__xludf.DUMMYFUNCTION("""COMPUTED_VALUE"""),43.0) -> 43 | S51: 322 | T51: 45 | U51: 2455 | W51: 277 | X51: 155 | Y51: 2345 | AA51: 90 | AB51: 35 | AC51: 147
A52: =HYPERLINK("https://arcprize.org/play?task=228f6490", 44) -> 44 | B52: =IFERROR(__xludf.DUMMYFUNCTION("min(filter(Scores!B55:AX55,Scores!B55:AX55>0))"),195.0) -> 195 | C52: 2305 | D52: {=if(B52,if(countif(Scores!B55:AX55,B52)=1,concat("💎",XLOOKUP(B52,Scores!B55:AX55,Scores!B$1:AX$1)),concat("🥇 x",countif(Scores!B55:AX55,B52))),"")} -> 💎jailctf merger | E52: =if(countif(Scores!B55:AX55,B52)=1,F52,-1) -> 195 | F52: =if(B52,B52,-1) -> 195 | G52: =IFERROR(__xludf.DUMMYFUNCTION("if(iferror(small(filter(Scores!B55:AX55,Scores!B55:AX55>0),2),-1)<>F52,iferror(small(filter(Scores!B55:AX55,Scores!B55:AX55>0),2),-1),-1)"),201.0) -> 201 | H52: =IFERROR(__xludf.DUMMYFUNCTION("if(iferror(small(filter(Scores!B55:AX55,Scores!B55:AX55>0),3),-1)<>iferror(small(filter(Scores!B55:AX55,Scores!B55:AX55>0),2),-1),iferror(small(filter(Scores!B55:AX55,Scores!B55:AX55>0),3),-1),-1)"),212.0) -> 212 | I52: =IFERROR(__xludf.DUMMYFUNCTION("IFERROR(COLUMNS(filter(Scores!B55:AE55,Scores!B55:AE55)),"""")"),35.0) -> 35 | J52: =COUNTIF(Scores!B55:AX55,B52) -> 1 | K52: =IFERROR(__xludf.DUMMYFUNCTION("""COMPUTED_VALUE"""),44.0) -> 44 | S52: 360 | T52: 45 | U52: 2455 | W52: 59 | X52: 151 | Y52: 2349 | AA52: 143 | AB52: 35 | AC52: 127
A53: =HYPERLINK("https://arcprize.org/play?task=22eb0ac0", 45) -> 45 | B53: =IFERROR(__xludf.DUMMYFUNCTION("min(filter(Scores!B56:AX56,Scores!B56:AX56>0))"),45.0) -> 45 | C53: 2455 | D53: {=if(B53,if(countif(Scores!B56:AX56,B53)=1,concat("💎",XLOOKUP(B53,Scores!B56:AX56,Scores!B$1:AX$1)),concat("🥇 x",countif(Scores!B56:AX56,B53))),"")} -> 🥇 x13 | E53: =if(countif(Scores!B56:AX56,B53)=1,F53,-1) -> -1 | F53: =if(B53,B53,-1) -> 45 | G53: =IFERROR(__xludf.DUMMYFUNCTION("if(iferror(small(filter(Scores!B56:AX56,Scores!B56:AX56>0),2),-1)<>F53,iferror(small(filter(Scores!B56:AX56,Scores!B56:AX56>0),2),-1),-1)"),-1.0) -> -1 | H53: =IFERROR(__xludf.DUMMYFUNCTION("if(iferror(small(filter(Scores!B56:AX56,Scores!B56:AX56>0),3),-1)<>iferror(small(filter(Scores!B56:AX56,Scores!B56:AX56>0),2),-1),iferror(small(filter(Scores!B56:AX56,Scores!B56:AX56>0),3),-1),-1)"),-1.0) -> -1 | I53: =IFERROR(__xludf.DUMMYFUNCTION("IFERROR(COLUMNS(filter(Scores!B56:AE56,Scores!B56:AE56)),"""")"),47.0) -> 47 | J53: =COUNTIF(Scores!B56:AX56,B53) -> 13 | K53: =IFERROR(__xludf.DUMMYFUNCTION("""COMPUTED_VALUE"""),45.0) -> 45 | S53: 73 | T53: 46 | U53: 2454 | W53: 86 | X53: 151 | Y53: 2349 | AA53: 105 | AB53: 35 | AC53: 124
A54: =HYPERLINK("https://arcprize.org/play?task=234bbc79", 46) -> 46 | B54: =IFERROR(__xludf.DUMMYFUNCTION("min(filter(Scores!B57:AX57,Scores!B57:AX57>0))"),166.0) -> 166 | C54: 2334 | D54: {=if(B54,if(countif(Scores!B57:AX57,B54)=1,concat("💎",XLOOKUP(B54,Scores!B57:AX57,Scores!B$1:AX$1)),concat("🥇 x",countif(Scores!B57:AX57,B54))),"")} -> 💎Code Golf International | E54: =if(countif(Scores!B57:AX57,B54)=1,F54,-1) -> 166 | F54: =if(B54,B54,-1) -> 166 | G54: =IFERROR(__xludf.DUMMYFUNCTION("if(iferror(small(filter(Scores!B57:AX57,Scores!B57:AX57>0),2),-1)<>F54,iferror(small(filter(Scores!B57:AX57,Scores!B57:AX57>0),2),-1),-1)"),168.0) -> 168 | H54: =IFERROR(__xludf.DUMMYFUNCTION("if(iferror(small(filter(Scores!B57:AX57,Scores!B57:AX57>0),3),-1)<>iferror(small(filter(Scores!B57:AX57,Scores!B57:AX57>0),2),-1),iferror(small(filter(Scores!B57:AX57,Scores!B57:AX57>0),3),-1),-1)"),-1.0) -> -1 | I54: =IFERROR(__xludf.DUMMYFUNCTION("IFERROR(COLUMNS(filter(Scores!B57:AE57,Scores!B57:AE57)),"""")"),35.0) -> 35 | J54: =COUNTIF(Scores!B57:AX57,B54) -> 1 | K54: =IFERROR(__xludf.DUMMYFUNCTION("""COMPUTED_VALUE"""),46.0) -> 46 | S54: 108 | T54: 46 | U54: 2454 | W54: 90 | X54: 147 | Y54: 2353 | AA54: 134 | AB54: 35 | AC54: 123
A55: =HYPERLINK("https://arcprize.org/play?task=23581191", 47) -> 47 | B55: =IFERROR(__xludf.DUMMYFUNCTION("min(filter(Scores!B58:AX58,Scores!B58:AX58>0))"),55.0) -> 55 | C55: 2445 | D55: {=if(B55,if(countif(Scores!B58:AX58,B55)=1,concat("💎",XLOOKUP(B55,Scores!B58:AX58,Scores!B$1:AX$1)),concat("🥇 x",countif(Scores!B58:AX58,B55))),"")} -> 🥇 x9 | E55: =if(countif(Scores!B58:AX58,B55)=1,F55,-1) -> -1 | F55: =if(B55,B55,-1) -> 55 | G55: =IFERROR(__xludf.DUMMYFUNCTION("if(iferror(small(filter(Scores!B58:AX58,Scores!B58:AX58>0),2),-1)<>F55,iferror(small(filter(Scores!B58:AX58,Scores!B58:AX58>0),2),-1),-1)"),-1.0) -> -1 | H55: =IFERROR(__xludf.DUMMYFUNCTION("if(iferror(small(filter(Scores!B58:AX58,Scores!B58:AX58>0),3),-1)<>iferror(small(filter(Scores!B58:AX58,Scores!B58:AX58>0),2),-1),iferror(small(filter(Scores!B58:AX58,Scores!B58:AX58>0),3),-1),-1)"),-1.0) -> -1 | I55: =IFERROR(__xludf.DUMMYFUNCTION("IFERROR(COLUMNS(filter(Scores!B58:AE58,Scores!B58:AE58)),"""")"),44.0) -> 44 | J55: =COUNTIF(Scores!B58:AX58,B55) -> 9 | K55: =IFERROR(__xludf.DUMMYFUNCTION("""COMPUTED_VALUE"""),47.0) -> 47 | S55: 223 | T55: 46 | U55: 2454 | W55: 280 | X55: 145 | Y55: 2355 | AA55: 225 | AB55: 35 | AC55: 123
A56: =HYPERLINK("https://arcprize.org/play?task=239be575", 48) -> 48 | B56: =IFERROR(__xludf.DUMMYFUNCTION("min(filter(Scores!B59:AX59,Scores!B59:AX59>0))"),92.0) -> 92 | C56: 2408 | D56: {=if(B56,if(countif(Scores!B59:AX59,B56)=1,concat("💎",XLOOKUP(B56,Scores!B59:AX59,Scores!B$1:AX$1)),concat("🥇 x",countif(Scores!B59:AX59,B56))),"")} -> 💎jailctf merger | E56: =if(countif(Scores!B59:AX59,B56)=1,F56,-1) -> 92 | F56: =if(B56,B56,-1) -> 92 | G56: =IFERROR(__xludf.DUMMYFUNCTION("if(iferror(small(filter(Scores!B59:AX59,Scores!B59:AX59>0),2),-1)<>F56,iferror(small(filter(Scores!B59:AX59,Scores!B59:AX59>0),2),-1),-1)"),95.0) -> 95 | H56: =IFERROR(__xludf.DUMMYFUNCTION("if(iferror(small(filter(Scores!B59:AX59,Scores!B59:AX59>0),3),-1)<>iferror(small(filter(Scores!B59:AX59,Scores!B59:AX59>0),2),-1),iferror(small(filter(Scores!B59:AX59,Scores!B59:AX59>0),3),-1),-1)"),118.0) -> 118 | I56: =IFERROR(__xludf.DUMMYFUNCTION("IFERROR(COLUMNS(filter(Scores!B59:AE59,Scores!B59:AE59)),"""")"),38.0) -> 38 | J56: =COUNTIF(Scores!B59:AX59,B56) -> 1 | K56: =IFERROR(__xludf.DUMMYFUNCTION("""COMPUTED_VALUE"""),48.0) -> 48 | S56: 267 | T56: 46 | U56: 2454 | W56: 69 | X56: 143 | Y56: 2357 | AA56: 148 | AB56: 35 | AC56: 118
A57: =HYPERLINK("https://arcprize.org/play?task=23b5c85d", 49) -> 49 | B57: =IFERROR(__xludf.DUMMYFUNCTION("min(filter(Scores!B60:AX60,Scores!B60:AX60>0))"),81.0) -> 81 | C57: 2419 | D57: {=if(B57,if(countif(Scores!B60:AX60,B57)=1,concat("💎",XLOOKUP(B57,Scores!B60:AX60,Scores!B$1:AX$1)),concat("🥇 x",countif(Scores!B60:AX60,B57))),"")} -> 🥇 x7 | E57: =if(countif(Scores!B60:AX60,B57)=1,F57,-1) -> -1 | F57: =if(B57,B57,-1) -> 81 | G57: =IFERROR(__xludf.DUMMYFUNCTION("if(iferror(small(filter(Scores!B60:AX60,Scores!B60:AX60>0),2),-1)<>F57,iferror(small(filter(Scores!B60:AX60,Scores!B60:AX60>0),2),-1),-1)"),-1.0) -> -1 | H57: =IFERROR(__xludf.DUMMYFUNCTION("if(iferror(small(filter(Scores!B60:AX60,Scores!B60:AX60>0),3),-1)<>iferror(small(filter(Scores!B60:AX60,Scores!B60:AX60>0),2),-1),iferror(small(filter(Scores!B60:AX60,Scores!B60:AX60>0),3),-1),-1)"),-1.0) -> -1 | I57: =IFERROR(__xludf.DUMMYFUNCTION("IFERROR(COLUMNS(filter(Scores!B60:AE60,Scores!B60:AE60)),"""")"),42.0) -> 42 | J57: =COUNTIF(Scores!B60:AX60,B57) -> 7 | K57: =IFERROR(__xludf.DUMMYFUNCTION("""COMPUTED_VALUE"""),49.0) -> 49 | S57: 307 | T57: 46 | U57: 2454 | W57: 325 | X57: 140 | Y57: 2360 | AA57: 156 | AB57: 35 | AC57: 118
A58: =HYPERLINK("https://arcprize.org/play?task=253bf280", 50) -> 50 | B58: =IFERROR(__xludf.DUMMYFUNCTION("min(filter(Scores!B61:AX61,Scores!B61:AX61>0))"),83.0) -> 83 | C58: 2417 | D58: {=if(B58,if(countif(Scores!B61:AX61,B58)=1,concat("💎",XLOOKUP(B58,Scores!B61:AX61,Scores!B$1:AX$1)),concat("🥇 x",countif(Scores!B61:AX61,B58))),"")} -> 💎jailctf merger | E58: =if(countif(Scores!B61:AX61,B58)=1,F58,-1) -> 83 | F58: =if(B58,B58,-1) -> 83 | G58: =IFERROR(__xludf.DUMMYFUNCTION("if(iferror(small(filter(Scores!B61:AX61,Scores!B61:AX61>0),2),-1)<>F58,iferror(small(filter(Scores!B61:AX61,Scores!B61:AX61>0),2),-1),-1)"),84.0) -> 84 | H58: =IFERROR(__xludf.DUMMYFUNCTION("if(iferror(small(filter(Scores!B61:AX61,Scores!B61:AX61>0),3),-1)<>iferror(small(filter(Scores!B61:AX61,Scores!B61:AX61>0),2),-1),iferror(small(filter(Scores!B61:AX61,Scores!B61:AX61>0),3),-1),-1)"),-1.0) -> -1 | I58: =IFERROR(__xludf.DUMMYFUNCTION("IFERROR(COLUMNS(filter(Scores!B61:AE61,Scores!B61:AE61)),"""")"),40.0) -> 40 | J58: =COUNTIF(Scores!B61:AX61,B58) -> 1 | K58: =IFERROR(__xludf.DUMMYFUNCTION("""COMPUTED_VALUE"""),50.0) -> 50 | S58: 60 | T58: 47 | U58: 2453 | W58: 206 | X58: 139 | Y58: 2361 | AA58: 270 | AB58: 35 | AC58: 115
A59: =HYPERLINK("https://arcprize.org/play?task=25d487eb", 51) -> 51 | B59: =IFERROR(__xludf.DUMMYFUNCTION("min(filter(Scores!B62:AX62,Scores!B62:AX62>0))"),111.0) -> 111 | C59: 2389 | D59: {=if(B59,if(countif(Scores!B62:AX62,B59)=1,concat("💎",XLOOKUP(B59,Scores!B62:AX62,Scores!B$1:AX$1)),concat("🥇 x",countif(Scores!B62:AX62,B59))),"")} -> 💎ox jam | E59: =if(countif(Scores!B62:AX62,B59)=1,F59,-1) -> 111 | F59: =if(B59,B59,-1) -> 111 | G59: =IFERROR(__xludf.DUMMYFUNCTION("if(iferror(small(filter(Scores!B62:AX62,Scores!B62:AX62>0),2),-1)<>F59,iferror(small(filter(Scores!B62:AX62,Scores!B62:AX62>0),2),-1),-1)"),113.0) -> 113 | H59: =IFERROR(__xludf.DUMMYFUNCTION("if(iferror(small(filter(Scores!B62:AX62,Scores!B62:AX62>0),3),-1)<>iferror(small(filter(Scores!B62:AX62,Scores!B62:AX62>0),2),-1),iferror(small(filter(Scores!B62:AX62,Scores!B62:AX62>0),3),-1),-1)"),114.0) -> 114 | I59: =IFERROR(__xludf.DUMMYFUNCTION("IFERROR(COLUMNS(filter(Scores!B62:AE62,Scores!B62:AE62)),"""")"),39.0) -> 39 | J59: =COUNTIF(Scores!B62:AX62,B59) -> 1 | K59: =IFERROR(__xludf.DUMMYFUNCTION("""COMPUTED_VALUE"""),51.0) -> 51 | S59: 129 | T59: 47 | U59: 2453 | W59: 396 | X59: 139 | Y59: 2361 | AA59: 224 | AB59: 35 | AC59: 114
A60: =HYPERLINK("https://arcprize.org/play?task=25d8a9c8", 52) -> 52 | B60: =IFERROR(__xludf.DUMMYFUNCTION("min(filter(Scores!B63:AX63,Scores!B63:AX63>0))"),40.0) -> 40 | C60: 2460 | D60: {=if(B60,if(countif(Scores!B63:AX63,B60)=1,concat("💎",XLOOKUP(B60,Scores!B63:AX63,Scores!B$1:AX$1)),concat("🥇 x",countif(Scores!B63:AX63,B60))),"")} -> 🥇 x17 | E60: =if(countif(Scores!B63:AX63,B60)=1,F60,-1) -> -1 | F60: =if(B60,B60,-1) -> 40 | G60: =IFERROR(__xludf.DUMMYFUNCTION("if(iferror(small(filter(Scores!B63:AX63,Scores!B63:AX63>0),2),-1)<>F60,iferror(small(filter(Scores!B63:AX63,Scores!B63:AX63>0),2),-1),-1)"),-1.0) -> -1 | H60: =IFERROR(__xludf.DUMMYFUNCTION("if(iferror(small(filter(Scores!B63:AX63,Scores!B63:AX63>0),3),-1)<>iferror(small(filter(Scores!B63:AX63,Scores!B63:AX63>0),2),-1),iferror(small(filter(Scores!B63:AX63,Scores!B63:AX63>0),3),-1),-1)"),-1.0) -> -1 | I60: =IFERROR(__xludf.DUMMYFUNCTION("IFERROR(COLUMNS(filter(Scores!B63:AE63,Scores!B63:AE63)),"""")"),46.0) -> 46 | J60: =COUNTIF(Scores!B63:AX63,B60) -> 17 | K60: =IFERROR(__xludf.DUMMYFUNCTION("""COMPUTED_VALUE"""),52.0) -> 52 | S60: 178 | T60: 47 | U60: 2453 | W60: 137 | X60: 137 | Y60: 2363 | AA60: 216 | AB60: 35 | AC60: 111
A61: =HYPERLINK("https://arcprize.org/play?task=25ff71a9", 53) -> 53 | B61: =IFERROR(__xludf.DUMMYFUNCTION("min(filter(Scores!B64:AX64,Scores!B64:AX64>0))"),21.0) -> 21 | C61: 2479 | D61: {=if(B61,if(countif(Scores!B64:AX64,B61)=1,concat("💎",XLOOKUP(B61,Scores!B64:AX64,Scores!B$1:AX$1)),concat("🥇 x",countif(Scores!B64:AX64,B61))),"")} -> 🥇 x25 | E61: =if(countif(Scores!B64:AX64,B61)=1,F61,-1) -> -1 | F61: =if(B61,B61,-1) -> 21 | G61: =IFERROR(__xludf.DUMMYFUNCTION("if(iferror(small(filter(Scores!B64:AX64,Scores!B64:AX64>0),2),-1)<>F61,iferror(small(filter(Scores!B64:AX64,Scores!B64:AX64>0),2),-1),-1)"),-1.0) -> -1 | H61: =IFERROR(__xludf.DUMMYFUNCTION("if(iferror(small(filter(Scores!B64:AX64,Scores!B64:AX64>0),3),-1)<>iferror(small(filter(Scores!B64:AX64,Scores!B64:AX64>0),2),-1),iferror(small(filter(Scores!B64:AX64,Scores!B64:AX64>0),3),-1),-1)"),-1.0) -> -1 | I61: =IFERROR(__xludf.DUMMYFUNCTION("IFERROR(COLUMNS(filter(Scores!B64:AE64,Scores!B64:AE64)),"""")"),46.0) -> 46 | J61: =COUNTIF(Scores!B64:AX64,B61) -> 25 | K61: =IFERROR(__xludf.DUMMYFUNCTION("""COMPUTED_VALUE"""),53.0) -> 53 | S61: 261 | T61: 47 | U61: 2453 | W61: 64 | X61: 135 | Y61: 2365 | AA61: 77 | AB61: 35 | AC61: 110
A62: =HYPERLINK("https://arcprize.org/play?task=264363fd", 54) -> 54 | B62: =IFERROR(__xludf.DUMMYFUNCTION("min(filter(Scores!B65:AX65,Scores!B65:AX65>0))"),266.0) -> 266 | C62: 2234 | D62: {=if(B62,if(countif(Scores!B65:AX65,B62)=1,concat("💎",XLOOKUP(B62,Scores!B65:AX65,Scores!B$1:AX$1)),concat("🥇 x",countif(Scores!B65:AX65,B62))),"")} -> 💎Code Golf International | E62: =if(countif(Scores!B65:AX65,B62)=1,F62,-1) -> 266 | F62: =if(B62,B62,-1) -> 266 | G62: =IFERROR(__xludf.DUMMYFUNCTION("if(iferror(small(filter(Scores!B65:AX65,Scores!B65:AX65>0),2),-1)<>F62,iferror(small(filter(Scores!B65:AX65,Scores!B65:AX65>0),2),-1),-1)"),270.0) -> 270 | H62: =IFERROR(__xludf.DUMMYFUNCTION("if(iferror(small(filter(Scores!B65:AX65,Scores!B65:AX65>0),3),-1)<>iferror(small(filter(Scores!B65:AX65,Scores!B65:AX65>0),2),-1),iferror(small(filter(Scores!B65:AX65,Scores!B65:AX65>0),3),-1),-1)"),277.0) -> 277 | I62: =IFERROR(__xludf.DUMMYFUNCTION("IFERROR(COLUMNS(filter(Scores!B65:AE65,Scores!B65:AE65)),"""")"),35.0) -> 35 | J62: =COUNTIF(Scores!B65:AX65,B62) -> 1 | K62: =IFERROR(__xludf.DUMMYFUNCTION("""COMPUTED_VALUE"""),54.0) -> 54 | S62: 372 | T62: 47 | U62: 2453 | W62: 379 | X62: 135 | Y62: 2365 | AA62: 125 | AB62: 35 | AC62: 110
A63: =HYPERLINK("https://arcprize.org/play?task=272f95fa", 55) -> 55 | B63: =IFERROR(__xludf.DUMMYFUNCTION("min(filter(Scores!B66:AX66,Scores!B66:AX66>0))"),77.0) -> 77 | C63: 2423 | D63: {=if(B63,if(countif(Scores!B66:AX66,B63)=1,concat("💎",XLOOKUP(B63,Scores!B66:AX66,Scores!B$1:AX$1)),concat("🥇 x",countif(Scores!B66:AX66,B63))),"")} -> 💎ox jam | E63: =if(countif(Scores!B66:AX66,B63)=1,F63,-1) -> 77 | F63: =if(B63,B63,-1) -> 77 | G63: =IFERROR(__xludf.DUMMYFUNCTION("if(iferror(small(filter(Scores!B66:AX66,Scores!B66:AX66>0),2),-1)<>F63,iferror(small(filter(Scores!B66:AX66,Scores!B66:AX66>0),2),-1),-1)"),79.0) -> 79 | H63: =IFERROR(__xludf.DUMMYFUNCTION("if(iferror(small(filter(Scores!B66:AX66,Scores!B66:AX66>0),3),-1)<>iferror(small(filter(Scores!B66:AX66,Scores!B66:AX66>0),2),-1),iferror(small(filter(Scores!B66:AX66,Scores!B66:AX66>0),3),-1),-1)"),-1.0) -> -1 | I63: =IFERROR(__xludf.DUMMYFUNCTION("IFERROR(COLUMNS(filter(Scores!B66:AE66,Scores!B66:AE66)),"""")"),42.0) -> 42 | J63: =COUNTIF(Scores!B66:AX66,B63) -> 1 | K63: =IFERROR(__xludf.DUMMYFUNCTION("""COMPUTED_VALUE"""),55.0) -> 55 | S63: 57 | T63: 48 | U63: 2452 | W63: 392 | X63: 135 | Y63: 2365 | AA63: 168 | AB63: 35 | AC63: 110
A64: =HYPERLINK("https://arcprize.org/play?task=27a28665", 56) -> 56 | B64: =IFERROR(__xludf.DUMMYFUNCTION("min(filter(Scores!B67:AX67,Scores!B67:AX67>0))"),39.0) -> 39 | C64: 2461 | D64: {=if(B64,if(countif(Scores!B67:AX67,B64)=1,concat("💎",XLOOKUP(B64,Scores!B67:AX67,Scores!B$1:AX$1)),concat("🥇 x",countif(Scores!B67:AX67,B64))),"")} -> 💎LogicLynx | E64: =if(countif(Scores!B67:AX67,B64)=1,F64,-1) -> 39 | F64: =if(B64,B64,-1) -> 39 | G64: =IFERROR(__xludf.DUMMYFUNCTION("if(iferror(small(filter(Scores!B67:AX67,Scores!B67:AX67>0),2),-1)<>F64,iferror(small(filter(Scores!B67:AX67,Scores!B67:AX67>0),2),-1),-1)"),40.0) -> 40 | H64: =IFERROR(__xludf.DUMMYFUNCTION("if(iferror(small(filter(Scores!B67:AX67,Scores!B67:AX67>0),3),-1)<>iferror(small(filter(Scores!B67:AX67,Scores!B67:AX67>0),2),-1),iferror(small(filter(Scores!B67:AX67,Scores!B67:AX67>0),3),-1),-1)"),-1.0) -> -1 | I64: =IFERROR(__xludf.DUMMYFUNCTION("IFERROR(COLUMNS(filter(Scores!B67:AE67,Scores!B67:AE67)),"""")"),44.0) -> 44 | J64: =COUNTIF(Scores!B67:AX67,B64) -> 1 | K64: =IFERROR(__xludf.DUMMYFUNCTION("""COMPUTED_VALUE"""),56.0) -> 56 | S64: 211 | T64: 48 | U64: 2452 | W64: 205 | X64: 134 | Y64: 2366 | AA64: 198 | AB64: 35 | AC64: 107
A65: =HYPERLINK("https://arcprize.org/play?task=28bf18c6", 57) -> 57 | B65: =IFERROR(__xludf.DUMMYFUNCTION("min(filter(Scores!B68:AX68,Scores!B68:AX68>0))"),48.0) -> 48 | C65: 2452 | D65: {=if(B65,if(countif(Scores!B68:AX68,B65)=1,concat("💎",XLOOKUP(B65,Scores!B68:AX68,Scores!B$1:AX$1)),concat("🥇 x",countif(Scores!B68:AX68,B65))),"")} -> 🥇 x2 | E65: =if(countif(Scores!B68:AX68,B65)=1,F65,-1) -> -1 | F65: =if(B65,B65,-1) -> 48 | G65: =IFERROR(__xludf.DUMMYFUNCTION("if(iferror(small(filter(Scores!B68:AX68,Scores!B68:AX68>0),2),-1)<>F65,iferror(small(filter(Scores!B68:AX68,Scores!B68:AX68>0),2),-1),-1)"),-1.0) -> -1 | H65: =IFERROR(__xludf.DUMMYFUNCTION("if(iferror(small(filter(Scores!B68:AX68,Scores!B68:AX68>0),3),-1)<>iferror(small(filter(Scores!B68:AX68,Scores!B68:AX68>0),2),-1),iferror(small(filter(Scores!B68:AX68,Scores!B68:AX68>0),3),-1),-1)"),49.0) -> 49 | I65: =IFERROR(__xludf.DUMMYFUNCTION("IFERROR(COLUMNS(filter(Scores!B68:AE68,Scores!B68:AE68)),"""")"),44.0) -> 44 | J65: =COUNTIF(Scores!B68:AX68,B65) -> 2 | K65: =IFERROR(__xludf.DUMMYFUNCTION("""COMPUTED_VALUE"""),57.0) -> 57 | S65: 6 | T65: 49 | U65: 2451 | W65: 364 | X65: 133 | Y65: 2367 | AA65: 138 | AB65: 35 | AC65: 103
A66: =HYPERLINK("https://arcprize.org/play?task=28e73c20", 58) -> 58 | B66: =IFERROR(__xludf.DUMMYFUNCTION("min(filter(Scores!B69:AX69,Scores!B69:AX69>0))"),85.0) -> 85 | C66: 2415 | D66: {=if(B66,if(countif(Scores!B69:AX69,B66)=1,concat("💎",XLOOKUP(B66,Scores!B69:AX69,Scores!B$1:AX$1)),concat("🥇 x",countif(Scores!B69:AX69,B66))),"")} -> 💎ox jam | E66: =if(countif(Scores!B69:AX69,B66)=1,F66,-1) -> 85 | F66: =if(B66,B66,-1) -> 85 | G66: =IFERROR(__xludf.DUMMYFUNCTION("if(iferror(small(filter(Scores!B69:AX69,Scores!B69:AX69>0),2),-1)<>F66,iferror(small(filter(Scores!B69:AX69,Scores!B69:AX69>0),2),-1),-1)"),86.0) -> 86 | H66: =IFERROR(__xludf.DUMMYFUNCTION("if(iferror(small(filter(Scores!B69:AX69,Scores!B69:AX69>0),3),-1)<>iferror(small(filter(Scores!B69:AX69,Scores!B69:AX69>0),2),-1),iferror(small(filter(Scores!B69:AX69,Scores!B69:AX69>0),3),-1),-1)"),88.0) -> 88 | I66: =IFERROR(__xludf.DUMMYFUNCTION("IFERROR(COLUMNS(filter(Scores!B69:AE69,Scores!B69:AE69)),"""")"),38.0) -> 38 | J66: =COUNTIF(Scores!B69:AX69,B66) -> 1 | K66: =IFERROR(__xludf.DUMMYFUNCTION("""COMPUTED_VALUE"""),58.0) -> 58 | S66: 41 | T66: 49 | U66: 2451 | W66: 42 | X66: 132 | Y66: 2368 | AA66: 159 | AB66: 35 | AC66: 103
A67: =HYPERLINK("https://arcprize.org/play?task=29623171", 59) -> 59 | B67: =IFERROR(__xludf.DUMMYFUNCTION("min(filter(Scores!B70:AX70,Scores!B70:AX70>0))"),151.0) -> 151 | C67: 2349 | D67: {=if(B67,if(countif(Scores!B70:AX70,B67)=1,concat("💎",XLOOKUP(B67,Scores!B70:AX70,Scores!B$1:AX$1)),concat("🥇 x",countif(Scores!B70:AX70,B67))),"")} -> 💎Code Golf International | E67: =if(countif(Scores!B70:AX70,B67)=1,F67,-1) -> 151 | F67: =if(B67,B67,-1) -> 151 | G67: =IFERROR(__xludf.DUMMYFUNCTION("if(iferror(small(filter(Scores!B70:AX70,Scores!B70:AX70>0),2),-1)<>F67,iferror(small(filter(Scores!B70:AX70,Scores!B70:AX70>0),2),-1),-1)"),153.0) -> 153 | H67: =IFERROR(__xludf.DUMMYFUNCTION("if(iferror(small(filter(Scores!B70:AX70,Scores!B70:AX70>0),3),-1)<>iferror(small(filter(Scores!B70:AX70,Scores!B70:AX70>0),2),-1),iferror(small(filter(Scores!B70:AX70,Scores!B70:AX70>0),3),-1),-1)"),155.0) -> 155 | I67: =IFERROR(__xludf.DUMMYFUNCTION("IFERROR(COLUMNS(filter(Scores!B70:AE70,Scores!B70:AE70)),"""")"),39.0) -> 39 | J67: =COUNTIF(Scores!B70:AX70,B67) -> 1 | K67: =IFERROR(__xludf.DUMMYFUNCTION("""COMPUTED_VALUE"""),59.0) -> 59 | S67: 85 | T67: 49 | U67: 2451 | W67: 107 | X67: 132 | Y67: 2368 | AA67: 281 | AB67: 35 | AC67: 103
A68: =HYPERLINK("https://arcprize.org/play?task=29c11459", 60) -> 60 | B68: =IFERROR(__xludf.DUMMYFUNCTION("min(filter(Scores!B71:AX71,Scores!B71:AX71>0))"),47.0) -> 47 | C68: 2453 | D68: {=if(B68,if(countif(Scores!B71:AX71,B68)=1,concat("💎",XLOOKUP(B68,Scores!B71:AX71,Scores!B$1:AX$1)),concat("🥇 x",countif(Scores!B71:AX71,B68))),"")} -> 🥇 x6 | E68: =if(countif(Scores!B71:AX71,B68)=1,F68,-1) -> -1 | F68: =if(B68,B68,-1) -> 47 | G68: =IFERROR(__xludf.DUMMYFUNCTION("if(iferror(small(filter(Scores!B71:AX71,Scores!B71:AX71>0),2),-1)<>F68,iferror(small(filter(Scores!B71:AX71,Scores!B71:AX71>0),2),-1),-1)"),-1.0) -> -1 | H68: =IFERROR(__xludf.DUMMYFUNCTION("if(iferror(small(filter(Scores!B71:AX71,Scores!B71:AX71>0),3),-1)<>iferror(small(filter(Scores!B71:AX71,Scores!B71:AX71>0),2),-1),iferror(small(filter(Scores!B71:AX71,Scores!B71:AX71>0),3),-1),-1)"),-1.0) -> -1 | I68: =IFERROR(__xludf.DUMMYFUNCTION("IFERROR(COLUMNS(filter(Scores!B71:AE71,Scores!B71:AE71)),"""")"),46.0) -> 46 | J68: =COUNTIF(Scores!B71:AX71,B68) -> 6 | K68: =IFERROR(__xludf.DUMMYFUNCTION("""COMPUTED_VALUE"""),60.0) -> 60 | S68: 26 | T68: 50 | U68: 2450 | W68: 378 | X68: 131 | Y68: 2369 | AA68: 119 | AB68: 35 | AC68: 102
A69: =HYPERLINK("https://arcprize.org/play?task=29ec7d0e", 61) -> 61 | B69: =IFERROR(__xludf.DUMMYFUNCTION("min(filter(Scores!B72:AX72,Scores!B72:AX72>0))"),62.0) -> 62 | C69: 2438 | D69: {=if(B69,if(countif(Scores!B72:AX72,B69)=1,concat("💎",XLOOKUP(B69,Scores!B72:AX72,Scores!B$1:AX$1)),concat("🥇 x",countif(Scores!B72:AX72,B69))),"")} -> 🥇 x4 | E69: =if(countif(Scores!B72:AX72,B69)=1,F69,-1) -> -1 | F69: =if(B69,B69,-1) -> 62 | G69: =IFERROR(__xludf.DUMMYFUNCTION("if(iferror(small(filter(Scores!B72:AX72,Scores!B72:AX72>0),2),-1)<>F69,iferror(small(filter(Scores!B72:AX72,Scores!B72:AX72>0),2),-1),-1)"),-1.0) -> -1 | H69: =IFERROR(__xludf.DUMMYFUNCTION("if(iferror(small(filter(Scores!B72:AX72,Scores!B72:AX72>0),3),-1)<>iferror(small(filter(Scores!B72:AX72,Scores!B72:AX72>0),2),-1),iferror(small(filter(Scores!B72:AX72,Scores!B72:AX72>0),3),-1),-1)"),-1.0) -> -1 | I69: =IFERROR(__xludf.DUMMYFUNCTION("IFERROR(COLUMNS(filter(Scores!B72:AE72,Scores!B72:AE72)),"""")"),42.0) -> 42 | J69: =COUNTIF(Scores!B72:AX72,B69) -> 4 | K69: =IFERROR(__xludf.DUMMYFUNCTION("""COMPUTED_VALUE"""),61.0) -> 61 | S69: 82 | T69: 50 | U69: 2450 | W69: 163 | X69: 130 | Y69: 2370 | AA69: 71 | AB69: 35 | AC69: 100
A70: =HYPERLINK("https://arcprize.org/play?task=2bcee788", 62) -> 62 | B70: =IFERROR(__xludf.DUMMYFUNCTION("min(filter(Scores!B73:AX73,Scores!B73:AX73>0))"),121.0) -> 121 | C70: 2379 | D70: {=if(B70,if(countif(Scores!B73:AX73,B70)=1,concat("💎",XLOOKUP(B70,Scores!B73:AX73,Scores!B$1:AX$1)),concat("🥇 x",countif(Scores!B73:AX73,B70))),"")} -> 💎ox jam | E70: =if(countif(Scores!B73:AX73,B70)=1,F70,-1) -> 121 | F70: =if(B70,B70,-1) -> 121 | G70: =IFERROR(__xludf.DUMMYFUNCTION("if(iferror(small(filter(Scores!B73:AX73,Scores!B73:AX73>0),2),-1)<>F70,iferror(small(filter(Scores!B73:AX73,Scores!B73:AX73>0),2),-1),-1)"),123.0) -> 123 | H70: =IFERROR(__xludf.DUMMYFUNCTION("if(iferror(small(filter(Scores!B73:AX73,Scores!B73:AX73>0),3),-1)<>iferror(small(filter(Scores!B73:AX73,Scores!B73:AX73>0),2),-1),iferror(small(filter(Scores!B73:AX73,Scores!B73:AX73>0),3),-1),-1)"),127.0) -> 127 | I70: =IFERROR(__xludf.DUMMYFUNCTION("IFERROR(COLUMNS(filter(Scores!B73:AE73,Scores!B73:AE73)),"""")"),36.0) -> 36 | J70: =COUNTIF(Scores!B73:AX73,B70) -> 1 | K70: =IFERROR(__xludf.DUMMYFUNCTION("""COMPUTED_VALUE"""),62.0) -> 62 | S70: 347 | T70: 50 | U70: 2450 | W70: 260 | X70: 130 | Y70: 2370 | AA70: 192 | AB70: 35 | AC70: 99
A71: =HYPERLINK("https://arcprize.org/play?task=2bee17df", 63) -> 63 | B71: =IFERROR(__xludf.DUMMYFUNCTION("min(filter(Scores!B74:AX74,Scores!B74:AX74>0))"),74.0) -> 74 | C71: 2426 | D71: {=if(B71,if(countif(Scores!B74:AX74,B71)=1,concat("💎",XLOOKUP(B71,Scores!B74:AX74,Scores!B$1:AX$1)),concat("🥇 x",countif(Scores!B74:AX74,B71))),"")} -> 💎Code Golf International | E71: =if(countif(Scores!B74:AX74,B71)=1,F71,-1) -> 74 | F71: =if(B71,B71,-1) -> 74 | G71: =IFERROR(__xludf.DUMMYFUNCTION("if(iferror(small(filter(Scores!B74:AX74,Scores!B74:AX74>0),2),-1)<>F71,iferror(small(filter(Scores!B74:AX74,Scores!B74:AX74>0),2),-1),-1)"),75.0) -> 75 | H71: =IFERROR(__xludf.DUMMYFUNCTION("if(iferror(small(filter(Scores!B74:AX74,Scores!B74:AX74>0),3),-1)<>iferror(small(filter(Scores!B74:AX74,Scores!B74:AX74>0),2),-1),iferror(small(filter(Scores!B74:AX74,Scores!B74:AX74>0),3),-1),-1)"),76.0) -> 76 | I71: =IFERROR(__xludf.DUMMYFUNCTION("IFERROR(COLUMNS(filter(Scores!B74:AE74,Scores!B74:AE74)),"""")"),40.0) -> 40 | J71: =COUNTIF(Scores!B74:AX74,B71) -> 1 | K71: =IFERROR(__xludf.DUMMYFUNCTION("""COMPUTED_VALUE"""),63.0) -> 63 | S71: 386 | T71: 50 | U71: 2450 | W71: 368 | X71: 129 | Y71: 2371 | AA71: 245 | AB71: 35 | AC71: 98
A72: =HYPERLINK("https://arcprize.org/play?task=2c608aff", 64) -> 64 | B72: =IFERROR(__xludf.DUMMYFUNCTION("min(filter(Scores!B75:AX75,Scores!B75:AX75>0))"),135.0) -> 135 | C72: 2365 | D72: {=if(B72,if(countif(Scores!B75:AX75,B72)=1,concat("💎",XLOOKUP(B72,Scores!B75:AX75,Scores!B$1:AX$1)),concat("🥇 x",countif(Scores!B75:AX75,B72))),"")} -> 💎Code Golf International | E72: =if(countif(Scores!B75:AX75,B72)=1,F72,-1) -> 135 | F72: =if(B72,B72,-1) -> 135 | G72: =IFERROR(__xludf.DUMMYFUNCTION("if(iferror(small(filter(Scores!B75:AX75,Scores!B75:AX75>0),2),-1)<>F72,iferror(small(filter(Scores!B75:AX75,Scores!B75:AX75>0),2),-1),-1)"),146.0) -> 146 | H72: =IFERROR(__xludf.DUMMYFUNCTION("if(iferror(small(filter(Scores!B75:AX75,Scores!B75:AX75>0),3),-1)<>iferror(small(filter(Scores!B75:AX75,Scores!B75:AX75>0),2),-1),iferror(small(filter(Scores!B75:AX75,Scores!B75:AX75>0),3),-1),-1)"),152.0) -> 152 | I72: =IFERROR(__xludf.DUMMYFUNCTION("IFERROR(COLUMNS(filter(Scores!B75:AE75,Scores!B75:AE75)),"""")"),37.0) -> 37 | J72: =COUNTIF(Scores!B75:AX75,B72) -> 1 | K72: =IFERROR(__xludf.DUMMYFUNCTION("""COMPUTED_VALUE"""),64.0) -> 64 | S72: 21 | T72: 51 | U72: 2449 | W72: 25 | X72: 127 | Y72: 2373 | AA72: 154 | AB72: 35 | AC72: 96
A73: =HYPERLINK("https://arcprize.org/play?task=2dc579da", 65) -> 65 | B73: =IFERROR(__xludf.DUMMYFUNCTION("min(filter(Scores!B76:AX76,Scores!B76:AX76>0))"),82.0) -> 82 | C73: 2418 | D73: {=if(B73,if(countif(Scores!B76:AX76,B73)=1,concat("💎",XLOOKUP(B73,Scores!B76:AX76,Scores!B$1:AX$1)),concat("🥇 x",countif(Scores!B76:AX76,B73))),"")} -> 💎Code Golf International | E73: =if(countif(Scores!B76:AX76,B73)=1,F73,-1) -> 82 | F73: =if(B73,B73,-1) -> 82 | G73: =IFERROR(__xludf.DUMMYFUNCTION("if(iferror(small(filter(Scores!B76:AX76,Scores!B76:AX76>0),2),-1)<>F73,iferror(small(filter(Scores!B76:AX76,Scores!B76:AX76>0),2),-1),-1)"),84.0) -> 84 | H73: =IFERROR(__xludf.DUMMYFUNCTION("if(iferror(small(filter(Scores!B76:AX76,Scores!B76:AX76>0),3),-1)<>iferror(small(filter(Scores!B76:AX76,Scores!B76:AX76>0),2),-1),iferror(small(filter(Scores!B76:AX76,Scores!B76:AX76>0),3),-1),-1)"),-1.0) -> -1 | I73: =IFERROR(__xludf.DUMMYFUNCTION("IFERROR(COLUMNS(filter(Scores!B76:AE76,Scores!B76:AE76)),"""")"),42.0) -> 42 | J73: =COUNTIF(Scores!B76:AX76,B73) -> 1 | K73: =IFERROR(__xludf.DUMMYFUNCTION("""COMPUTED_VALUE"""),65.0) -> 65 | S73: 38 | T73: 51 | U73: 2449 | W73: 143 | X73: 127 | Y73: 2373 | AA73: 355 | AB73: 35 | AC73: 95
A74: =HYPERLINK("https://arcprize.org/play?task=2dd70a9a", 66) -> 66 | B74: =IFERROR(__xludf.DUMMYFUNCTION("min(filter(Scores!B77:AX77,Scores!B77:AX77>0))"),237.0) -> 237 | C74: 2263 | D74: {=if(B74,if(countif(Scores!B77:AX77,B74)=1,concat("💎",XLOOKUP(B74,Scores!B77:AX77,Scores!B$1:AX$1)),concat("🥇 x",countif(Scores!B77:AX77,B74))),"")} -> 💎jailctf merger | E74: =if(countif(Scores!B77:AX77,B74)=1,F74,-1) -> 237 | F74: =if(B74,B74,-1) -> 237 | G74: =IFERROR(__xludf.DUMMYFUNCTION("if(iferror(small(filter(Scores!B77:AX77,Scores!B77:AX77>0),2),-1)<>F74,iferror(small(filter(Scores!B77:AX77,Scores!B77:AX77>0),2),-1),-1)"),240.0) -> 240 | H74: =IFERROR(__xludf.DUMMYFUNCTION("if(iferror(small(filter(Scores!B77:AX77,Scores!B77:AX77>0),3),-1)<>iferror(small(filter(Scores!B77:AX77,Scores!B77:AX77>0),2),-1),iferror(small(filter(Scores!B77:AX77,Scores!B77:AX77>0),3),-1),-1)"),244.0) -> 244 | I74: =IFERROR(__xludf.DUMMYFUNCTION("IFERROR(COLUMNS(filter(Scores!B77:AE77,Scores!B77:AE77)),"""")"),36.0) -> 36 | J74: =COUNTIF(Scores!B77:AX77,B74) -> 1 | K74: =IFERROR(__xludf.DUMMYFUNCTION("""COMPUTED_VALUE"""),66.0) -> 66 | S74: 115 | T74: 51 | U74: 2449 | W74: 20 | X74: 126 | Y74: 2374 | AA74: 195 | AB74: 35 | AC74: 94
A75: =HYPERLINK("https://arcprize.org/play?task=2dee498d", 67) -> 67 | B75: =IFERROR(__xludf.DUMMYFUNCTION("min(filter(Scores!B78:AX78,Scores!B78:AX78>0))"),33.0) -> 33 | C75: 2467 | D75: {=if(B75,if(countif(Scores!B78:AX78,B75)=1,concat("💎",XLOOKUP(B75,Scores!B78:AX78,Scores!B$1:AX$1)),concat("🥇 x",countif(Scores!B78:AX78,B75))),"")} -> 🥇 x39 | E75: =if(countif(Scores!B78:AX78,B75)=1,F75,-1) -> -1 | F75: =if(B75,B75,-1) -> 33 | G75: =IFERROR(__xludf.DUMMYFUNCTION("if(iferror(small(filter(Scores!B78:AX78,Scores!B78:AX78>0),2),-1)<>F75,iferror(small(filter(Scores!B78:AX78,Scores!B78:AX78>0),2),-1),-1)"),-1.0) -> -1 | H75: =IFERROR(__xludf.DUMMYFUNCTION("if(iferror(small(filter(Scores!B78:AX78,Scores!B78:AX78>0),3),-1)<>iferror(small(filter(Scores!B78:AX78,Scores!B78:AX78>0),2),-1),iferror(small(filter(Scores!B78:AX78,Scores!B78:AX78>0),3),-1),-1)"),-1.0) -> -1 | I75: =IFERROR(__xludf.DUMMYFUNCTION("IFERROR(COLUMNS(filter(Scores!B78:AE78,Scores!B78:AE78)),"""")"),47.0) -> 47 | J75: =COUNTIF(Scores!B78:AX78,B75) -> 39 | K75: =IFERROR(__xludf.DUMMYFUNCTION("""COMPUTED_VALUE"""),67.0) -> 67 | S75: 171 | T75: 51 | U75: 2449 | W75: 275 | X75: 126 | Y75: 2374 | AA75: 99 | AB75: 35 | AC75: 93
A76: =HYPERLINK("https://arcprize.org/play?task=31aa019c", 68) -> 68 | B76: =IFERROR(__xludf.DUMMYFUNCTION("min(filter(Scores!B79:AX79,Scores!B79:AX79>0))"),99.0) -> 99 | C76: 2401 | D76: {=if(B76,if(countif(Scores!B79:AX79,B76)=1,concat("💎",XLOOKUP(B76,Scores!B79:AX79,Scores!B$1:AX$1)),concat("🥇 x",countif(Scores!B79:AX79,B76))),"")} -> 💎Code Golf International | E76: =if(countif(Scores!B79:AX79,B76)=1,F76,-1) -> 99 | F76: =if(B76,B76,-1) -> 99 | G76: =IFERROR(__xludf.DUMMYFUNCTION("if(iferror(small(filter(Scores!B79:AX79,Scores!B79:AX79>0),2),-1)<>F76,iferror(small(filter(Scores!B79:AX79,Scores!B79:AX79>0),2),-1),-1)"),103.0) -> 103 | H76: =IFERROR(__xludf.DUMMYFUNCTION("if(iferror(small(filter(Scores!B79:AX79,Scores!B79:AX79>0),3),-1)<>iferror(small(filter(Scores!B79:AX79,Scores!B79:AX79>0),2),-1),iferror(small(filter(Scores!B79:AX79,Scores!B79:AX79>0),3),-1),-1)"),112.0) -> 112 | I76: =IFERROR(__xludf.DUMMYFUNCTION("IFERROR(COLUMNS(filter(Scores!B79:AE79,Scores!B79:AE79)),"""")"),40.0) -> 40 | J76: =COUNTIF(Scores!B79:AX79,B76) -> 1 | K76: =IFERROR(__xludf.DUMMYFUNCTION("""COMPUTED_VALUE"""),68.0) -> 68 | S76: 177 | T76: 51 | U76: 2449 | W76: 367 | X76: 126 | Y76: 2374 | AA76: 222 | AB76: 35 | AC76: 93
A77: =HYPERLINK("https://arcprize.org/play?task=321b1fc6", 69) -> 69 | B77: =IFERROR(__xludf.DUMMYFUNCTION("min(filter(Scores!B80:AX80,Scores!B80:AX80>0))"),143.0) -> 143 | C77: 2357 | D77: {=if(B77,if(countif(Scores!B80:AX80,B77)=1,concat("💎",XLOOKUP(B77,Scores!B80:AX80,Scores!B$1:AX$1)),concat("🥇 x",countif(Scores!B80:AX80,B77))),"")} -> 💎jailctf merger | E77: =if(countif(Scores!B80:AX80,B77)=1,F77,-1) -> 143 | F77: =if(B77,B77,-1) -> 143 | G77: =IFERROR(__xludf.DUMMYFUNCTION("if(iferror(small(filter(Scores!B80:AX80,Scores!B80:AX80>0),2),-1)<>F77,iferror(small(filter(Scores!B80:AX80,Scores!B80:AX80>0),2),-1),-1)"),148.0) -> 148 | H77: =IFERROR(__xludf.DUMMYFUNCTION("if(iferror(small(filter(Scores!B80:AX80,Scores!B80:AX80>0),3),-1)<>iferror(small(filter(Scores!B80:AX80,Scores!B80:AX80>0),2),-1),iferror(small(filter(Scores!B80:AX80,Scores!B80:AX80>0),3),-1),-1)"),150.0) -> 150 | I77: =IFERROR(__xludf.DUMMYFUNCTION("IFERROR(COLUMNS(filter(Scores!B80:AE80,Scores!B80:AE80)),"""")"),38.0) -> 38 | J77: =COUNTIF(Scores!B80:AX80,B77) -> 1 | K77: =IFERROR(__xludf.DUMMYFUNCTION("""COMPUTED_VALUE"""),69.0) -> 69 | S77: 197 | T77: 51 | U77: 2449 | W77: 13 | X77: 124 | Y77: 2376 | AA77: 240 | AB77: 35 | AC77: 89
A78: =HYPERLINK("https://arcprize.org/play?task=32597951", 70) -> 70 | B78: =IFERROR(__xludf.DUMMYFUNCTION("min(filter(Scores!B81:AX81,Scores!B81:AX81>0))"),78.0) -> 78 | C78: 2422 | D78: {=if(B78,if(countif(Scores!B81:AX81,B78)=1,concat("💎",XLOOKUP(B78,Scores!B81:AX81,Scores!B$1:AX$1)),concat("🥇 x",countif(Scores!B81:AX81,B78))),"")} -> 💎jailctf merger | E78: =if(countif(Scores!B81:AX81,B78)=1,F78,-1) -> 78 | F78: =if(B78,B78,-1) -> 78 | G78: =IFERROR(__xludf.DUMMYFUNCTION("if(iferror(small(filter(Scores!B81:AX81,Scores!B81:AX81>0),2),-1)<>F78,iferror(small(filter(Scores!B81:AX81,Scores!B81:AX81>0),2),-1),-1)"),80.0) -> 80 | H78: =IFERROR(__xludf.DUMMYFUNCTION("if(iferror(small(filter(Scores!B81:AX81,Scores!B81:AX81>0),3),-1)<>iferror(small(filter(Scores!B81:AX81,Scores!B81:AX81>0),2),-1),iferror(small(filter(Scores!B81:AX81,Scores!B81:AX81>0),3),-1),-1)"),82.0) -> 82 | I78: =IFERROR(__xludf.DUMMYFUNCTION("IFERROR(COLUMNS(filter(Scores!B81:AE81,Scores!B81:AE81)),"""")"),40.0) -> 40 | J78: =COUNTIF(Scores!B81:AX81,B78) -> 1 | K78: =IFERROR(__xludf.DUMMYFUNCTION("""COMPUTED_VALUE"""),70.0) -> 70 | S78: 292 | T78: 51 | U78: 2449 | W78: 102 | X78: 124 | Y78: 2376 | AA78: 288 | AB78: 35 | AC78: 86
A79: =HYPERLINK("https://arcprize.org/play?task=3345333e", 71) -> 71 | B79: =IFERROR(__xludf.DUMMYFUNCTION("min(filter(Scores!B82:AX82,Scores!B82:AX82>0))"),100.0) -> 100 | C79: 2400 | D79: {=if(B79,if(countif(Scores!B82:AX82,B79)=1,concat("💎",XLOOKUP(B79,Scores!B82:AX82,Scores!B$1:AX$1)),concat("🥇 x",countif(Scores!B82:AX82,B79))),"")} -> 💎LogicLynx | E79: =if(countif(Scores!B82:AX82,B79)=1,F79,-1) -> 100 | F79: =if(B79,B79,-1) -> 100 | G79: =IFERROR(__xludf.DUMMYFUNCTION("if(iferror(small(filter(Scores!B82:AX82,Scores!B82:AX82>0),2),-1)<>F79,iferror(small(filter(Scores!B82:AX82,Scores!B82:AX82>0),2),-1),-1)"),104.0) -> 104 | H79: =IFERROR(__xludf.DUMMYFUNCTION("if(iferror(small(filter(Scores!B82:AX82,Scores!B82:AX82>0),3),-1)<>iferror(small(filter(Scores!B82:AX82,Scores!B82:AX82>0),2),-1),iferror(small(filter(Scores!B82:AX82,Scores!B82:AX82>0),3),-1),-1)"),115.0) -> 115 | I79: =IFERROR(__xludf.DUMMYFUNCTION("IFERROR(COLUMNS(filter(Scores!B82:AE82,Scores!B82:AE82)),"""")"),35.0) -> 35 | J79: =COUNTIF(Scores!B82:AX82,B79) -> 1 | K79: =IFERROR(__xludf.DUMMYFUNCTION("""COMPUTED_VALUE"""),71.0) -> 71 | S79: 227 | T79: 52 | U79: 2448 | W79: 105 | X79: 124 | Y79: 2376 | AA79: 175 | AB79: 35 | AC79: 74
A80: =HYPERLINK("https://arcprize.org/play?task=3428a4f5", 72) -> 72 | B80: =IFERROR(__xludf.DUMMYFUNCTION("min(filter(Scores!B83:AX83,Scores!B83:AX83>0))"),54.0) -> 54 | C80: 2446 | D80: {=if(B80,if(countif(Scores!B83:AX83,B80)=1,concat("💎",XLOOKUP(B80,Scores!B83:AX83,Scores!B$1:AX$1)),concat("🥇 x",countif(Scores!B83:AX83,B80))),"")} -> 🥇 x4 | E80: =if(countif(Scores!B83:AX83,B80)=1,F80,-1) -> -1 | F80: =if(B80,B80,-1) -> 54 | G80: =IFERROR(__xludf.DUMMYFUNCTION("if(iferror(small(filter(Scores!B83:AX83,Scores!B83:AX83>0),2),-1)<>F80,iferror(small(filter(Scores!B83:AX83,Scores!B83:AX83>0),2),-1),-1)"),-1.0) -> -1 | H80: =IFERROR(__xludf.DUMMYFUNCTION("if(iferror(small(filter(Scores!B83:AX83,Scores!B83:AX83>0),3),-1)<>iferror(small(filter(Scores!B83:AX83,Scores!B83:AX83>0),2),-1),iferror(small(filter(Scores!B83:AX83,Scores!B83:AX83>0),3),-1),-1)"),-1.0) -> -1 | I80: =IFERROR(__xludf.DUMMYFUNCTION("IFERROR(COLUMNS(filter(Scores!B83:AE83,Scores!B83:AE83)),"""")"),47.0) -> 47 | J80: =COUNTIF(Scores!B83:AX83,B80) -> 4 | K80: =IFERROR(__xludf.DUMMYFUNCTION("""COMPUTED_VALUE"""),72.0) -> 72 | S80: 346 | T80: 52 | U80: 2448 | W80: 382 | X80: 124 | Y80: 2376 | AA80: 122 | AB80: 35 | AC80: 70
A81: =HYPERLINK("https://arcprize.org/play?task=3618c87e", 73) -> 73 | B81: =IFERROR(__xludf.DUMMYFUNCTION("min(filter(Scores!B84:AX84,Scores!B84:AX84>0))"),46.0) -> 46 | C81: 2454 | D81: {=if(B81,if(countif(Scores!B84:AX84,B81)=1,concat("💎",XLOOKUP(B81,Scores!B84:AX84,Scores!B$1:AX$1)),concat("🥇 x",countif(Scores!B84:AX84,B81))),"")} -> 🥇 x21 | E81: =if(countif(Scores!B84:AX84,B81)=1,F81,-1) -> -1 | F81: =if(B81,B81,-1) -> 46 | G81: =IFERROR(__xludf.DUMMYFUNCTION("if(iferror(small(filter(Scores!B84:AX84,Scores!B84:AX84>0),2),-1)<>F81,iferror(small(filter(Scores!B84:AX84,Scores!B84:AX84>0),2),-1),-1)"),-1.0) -> -1 | H81: =IFERROR(__xludf.DUMMYFUNCTION("if(iferror(small(filter(Scores!B84:AX84,Scores!B84:AX84>0),3),-1)<>iferror(small(filter(Scores!B84:AX84,Scores!B84:AX84>0),2),-1),iferror(small(filter(Scores!B84:AX84,Scores!B84:AX84>0),3),-1),-1)"),-1.0) -> -1 | I81: =IFERROR(__xludf.DUMMYFUNCTION("IFERROR(COLUMNS(filter(Scores!B84:AE84,Scores!B84:AE84)),"""")"),45.0) -> 45 | J81: =COUNTIF(Scores!B84:AX84,B81) -> 21 | K81: =IFERROR(__xludf.DUMMYFUNCTION("""COMPUTED_VALUE"""),73.0) -> 73 | S81: 144 | T81: 53 | U81: 2447 | W81: 134 | X81: 123 | Y81: 2377 | AA81: 18 | AB81: 36 | AC81: 275
A82: =HYPERLINK("https://arcprize.org/play?task=3631a71a", 74) -> 74 | B82: =IFERROR(__xludf.DUMMYFUNCTION("min(filter(Scores!B85:AX85,Scores!B85:AX85>0))"),77.0) -> 77 | C82: 2423 | D82: {=if(B82,if(countif(Scores!B85:AX85,B82)=1,concat("💎",XLOOKUP(B82,Scores!B85:AX85,Scores!B$1:AX$1)),concat("🥇 x",countif(Scores!B85:AX85,B82))),"")} -> 🥇 x3 | E82: =if(countif(Scores!B85:AX85,B82)=1,F82,-1) -> -1 | F82: =if(B82,B82,-1) -> 77 | G82: =IFERROR(__xludf.DUMMYFUNCTION("if(iferror(small(filter(Scores!B85:AX85,Scores!B85:AX85>0),2),-1)<>F82,iferror(small(filter(Scores!B85:AX85,Scores!B85:AX85>0),2),-1),-1)"),-1.0) -> -1 | H82: =IFERROR(__xludf.DUMMYFUNCTION("if(iferror(small(filter(Scores!B85:AX85,Scores!B85:AX85>0),3),-1)<>iferror(small(filter(Scores!B85:AX85,Scores!B85:AX85>0),2),-1),iferror(small(filter(Scores!B85:AX85,Scores!B85:AX85>0),3),-1),-1)"),-1.0) -> -1 | I82: =IFERROR(__xludf.DUMMYFUNCTION("IFERROR(COLUMNS(filter(Scores!B85:AE85,Scores!B85:AE85)),"""")"),38.0) -> 38 | J82: =COUNTIF(Scores!B85:AX85,B82) -> 3 | K82: =IFERROR(__xludf.DUMMYFUNCTION("""COMPUTED_VALUE"""),74.0) -> 74 | S82: 188 | T82: 53 | U82: 2447 | W82: 225 | X82: 123 | Y82: 2377 | AA82: 66 | AB82: 36 | AC82: 237
A83: =HYPERLINK("https://arcprize.org/play?task=363442ee", 75) -> 75 | B83: =IFERROR(__xludf.DUMMYFUNCTION("min(filter(Scores!B86:AX86,Scores!B86:AX86>0))"),86.0) -> 86 | C83: 2414 | D83: {=if(B83,if(countif(Scores!B86:AX86,B83)=1,concat("💎",XLOOKUP(B83,Scores!B86:AX86,Scores!B$1:AX$1)),concat("🥇 x",countif(Scores!B86:AX86,B83))),"")} -> 🥇 x11 | E83: =if(countif(Scores!B86:AX86,B83)=1,F83,-1) -> -1 | F83: =if(B83,B83,-1) -> 86 | G83: =IFERROR(__xludf.DUMMYFUNCTION("if(iferror(small(filter(Scores!B86:AX86,Scores!B86:AX86>0),2),-1)<>F83,iferror(small(filter(Scores!B86:AX86,Scores!B86:AX86>0),2),-1),-1)"),-1.0) -> -1 | H83: =IFERROR(__xludf.DUMMYFUNCTION("if(iferror(small(filter(Scores!B86:AX86,Scores!B86:AX86>0),3),-1)<>iferror(small(filter(Scores!B86:AX86,Scores!B86:AX86>0),2),-1),iferror(small(filter(Scores!B86:AX86,Scores!B86:AX86>0),3),-1),-1)"),-1.0) -> -1 | I83: =IFERROR(__xludf.DUMMYFUNCTION("IFERROR(COLUMNS(filter(Scores!B86:AE86,Scores!B86:AE86)),"""")"),40.0) -> 40 | J83: =COUNTIF(Scores!B86:AX86,B83) -> 11 | K83: =IFERROR(__xludf.DUMMYFUNCTION("""COMPUTED_VALUE"""),75.0) -> 75 | S83: 252 | T83: 53 | U83: 2447 | W83: 12 | X83: 122 | Y83: 2378 | AA83: 118 | AB83: 36 | AC83: 225
A84: =HYPERLINK("https://arcprize.org/play?task=36d67576", 76) -> 76 | B84: =IFERROR(__xludf.DUMMYFUNCTION("min(filter(Scores!B87:AX87,Scores!B87:AX87>0))"),258.0) -> 258 | C84: 2242 | D84: {=if(B84,if(countif(Scores!B87:AX87,B84)=1,concat("💎",XLOOKUP(B84,Scores!B87:AX87,Scores!B$1:AX$1)),concat("🥇 x",countif(Scores!B87:AX87,B84))),"")} -> 💎Code Golf International | E84: =if(countif(Scores!B87:AX87,B84)=1,F84,-1) -> 258 | F84: =if(B84,B84,-1) -> 258 | G84: =IFERROR(__xludf.DUMMYFUNCTION("if(iferror(small(filter(Scores!B87:AX87,Scores!B87:AX87>0),2),-1)<>F84,iferror(small(filter(Scores!B87:AX87,Scores!B87:AX87>0),2),-1),-1)"),264.0) -> 264 | H84: =IFERROR(__xludf.DUMMYFUNCTION("if(iferror(small(filter(Scores!B87:AX87,Scores!B87:AX87>0),3),-1)<>iferror(small(filter(Scores!B87:AX87,Scores!B87:AX87>0),2),-1),iferror(small(filter(Scores!B87:AX87,Scores!B87:AX87>0),3),-1),-1)"),269.0) -> 269 | I84: =IFERROR(__xludf.DUMMYFUNCTION("IFERROR(COLUMNS(filter(Scores!B87:AE87,Scores!B87:AE87)),"""")"),34.0) -> 34 | J84: =COUNTIF(Scores!B87:AX87,B84) -> 1 | K84: =IFERROR(__xludf.DUMMYFUNCTION("""COMPUTED_VALUE"""),76.0) -> 76 | S84: 287 | T84: 53 | U84: 2447 | W84: 62 | X84: 121 | Y84: 2379 | AA84: 173 | AB84: 36 | AC84: 201
A85: =HYPERLINK("https://arcprize.org/play?task=36fdfd69", 77) -> 77 | B85: =IFERROR(__xludf.DUMMYFUNCTION("min(filter(Scores!B88:AX88,Scores!B88:AX88>0))"),110.0) -> 110 | C85: 2390 | D85: {=if(B85,if(countif(Scores!B88:AX88,B85)=1,concat("💎",XLOOKUP(B85,Scores!B88:AX88,Scores!B$1:AX$1)),concat("🥇 x",countif(Scores!B88:AX88,B85))),"")} -> 💎ox jam | E85: =if(countif(Scores!B88:AX88,B85)=1,F85,-1) -> 110 | F85: =if(B85,B85,-1) -> 110 | G85: =IFERROR(__xludf.DUMMYFUNCTION("if(iferror(small(filter(Scores!B88:AX88,Scores!B88:AX88>0),2),-1)<>F85,iferror(small(filter(Scores!B88:AX88,Scores!B88:AX88>0),2),-1),-1)"),124.0) -> 124 | H85: =IFERROR(__xludf.DUMMYFUNCTION("if(iferror(small(filter(Scores!B88:AX88,Scores!B88:AX88>0),3),-1)<>iferror(small(filter(Scores!B88:AX88,Scores!B88:AX88>0),2),-1),iferror(small(filter(Scores!B88:AX88,Scores!B88:AX88>0),3),-1),-1)"),-1.0) -> -1 | I85: =IFERROR(__xludf.DUMMYFUNCTION("IFERROR(COLUMNS(filter(Scores!B88:AE88,Scores!B88:AE88)),"""")"),35.0) -> 35 | J85: =COUNTIF(Scores!B88:AX88,B85) -> 1 | K85: =IFERROR(__xludf.DUMMYFUNCTION("""COMPUTED_VALUE"""),77.0) -> 77 | S85: 375 | T85: 53 | U85: 2447 | W85: 383 | X85: 120 | Y85: 2380 | AA85: 308 | AB85: 36 | AC85: 192
A86: =HYPERLINK("https://arcprize.org/play?task=3906de3d", 78) -> 78 | B86: =IFERROR(__xludf.DUMMYFUNCTION("min(filter(Scores!B89:AX89,Scores!B89:AX89>0))"),59.0) -> 59 | C86: 2441 | D86: {=if(B86,if(countif(Scores!B89:AX89,B86)=1,concat("💎",XLOOKUP(B86,Scores!B89:AX89,Scores!B$1:AX$1)),concat("🥇 x",countif(Scores!B89:AX89,B86))),"")} -> 💎ox jam | E86: =if(countif(Scores!B89:AX89,B86)=1,F86,-1) -> 59 | F86: =if(B86,B86,-1) -> 59 | G86: =IFERROR(__xludf.DUMMYFUNCTION("if(iferror(small(filter(Scores!B89:AX89,Scores!B89:AX89>0),2),-1)<>F86,iferror(small(filter(Scores!B89:AX89,Scores!B89:AX89>0),2),-1),-1)"),60.0) -> 60 | H86: =IFERROR(__xludf.DUMMYFUNCTION("if(iferror(small(filter(Scores!B89:AX89,Scores!B89:AX89>0),3),-1)<>iferror(small(filter(Scores!B89:AX89,Scores!B89:AX89>0),2),-1),iferror(small(filter(Scores!B89:AX89,Scores!B89:AX89>0),3),-1),-1)"),-1.0) -> -1 | I86: =IFERROR(__xludf.DUMMYFUNCTION("IFERROR(COLUMNS(filter(Scores!B89:AE89,Scores!B89:AE89)),"""")"),45.0) -> 45 | J86: =COUNTIF(Scores!B89:AX89,B86) -> 1 | K86: =IFERROR(__xludf.DUMMYFUNCTION("""COMPUTED_VALUE"""),78.0) -> 78 | S86: 395 | T86: 53 | U86: 2447 | W86: 148 | X86: 118 | Y86: 2382 | AA86: 201 | AB86: 36 | AC86: 187
A87: =HYPERLINK("https://arcprize.org/play?task=39a8645d", 79) -> 79 | B87: =IFERROR(__xludf.DUMMYFUNCTION("min(filter(Scores!B90:AX90,Scores!B90:AX90>0))"),105.0) -> 105 | C87: 2395 | D87: {=if(B87,if(countif(Scores!B90:AX90,B87)=1,concat("💎",XLOOKUP(B87,Scores!B90:AX90,Scores!B$1:AX$1)),concat("🥇 x",countif(Scores!B90:AX90,B87))),"")} -> 💎ox jam | E87: =if(countif(Scores!B90:AX90,B87)=1,F87,-1) -> 105 | F87: =if(B87,B87,-1) -> 105 | G87: =IFERROR(__xludf.DUMMYFUNCTION("if(iferror(small(filter(Scores!B90:AX90,Scores!B90:AX90>0),2),-1)<>F87,iferror(small(filter(Scores!B90:AX90,Scores!B90:AX90>0),2),-1),-1)"),107.0) -> 107 | H87: =IFERROR(__xludf.DUMMYFUNCTION("if(iferror(small(filter(Scores!B90:AX90,Scores!B90:AX90>0),3),-1)<>iferror(small(filter(Scores!B90:AX90,Scores!B90:AX90>0),2),-1),iferror(small(filter(Scores!B90:AX90,Scores!B90:AX90>0),3),-1),-1)"),121.0) -> 121 | I87: =IFERROR(__xludf.DUMMYFUNCTION("IFERROR(COLUMNS(filter(Scores!B90:AE90,Scores!B90:AE90)),"""")"),37.0) -> 37 | J87: =COUNTIF(Scores!B90:AX90,B87) -> 1 | K87: =IFERROR(__xludf.DUMMYFUNCTION("""COMPUTED_VALUE"""),79.0) -> 79 | S87: 72 | T87: 54 | U87: 2446 | W87: 153 | X87: 118 | Y87: 2382 | AA87: 23 | AB87: 36 | AC87: 182
A88: =HYPERLINK("https://arcprize.org/play?task=39e1d7f9", 80) -> 80 | B88: =IFERROR(__xludf.DUMMYFUNCTION("min(filter(Scores!B91:AX91,Scores!B91:AX91>0))"),231.0) -> 231 | C88: 2269 | D88: {=if(B88,if(countif(Scores!B91:AX91,B88)=1,concat("💎",XLOOKUP(B88,Scores!B91:AX91,Scores!B$1:AX$1)),concat("🥇 x",countif(Scores!B91:AX91,B88))),"")} -> 💎ox jam | E88: =if(countif(Scores!B91:AX91,B88)=1,F88,-1) -> 231 | F88: =if(B88,B88,-1) -> 231 | G88: =IFERROR(__xludf.DUMMYFUNCTION("if(iferror(small(filter(Scores!B91:AX91,Scores!B91:AX91>0),2),-1)<>F88,iferror(small(filter(Scores!B91:AX91,Scores!B91:AX91>0),2),-1),-1)"),232.0) -> 232 | H88: =IFERROR(__xludf.DUMMYFUNCTION("if(iferror(small(filter(Scores!B91:AX91,Scores!B91:AX91>0),3),-1)<>iferror(small(filter(Scores!B91:AX91,Scores!B91:AX91>0),2),-1),iferror(small(filter(Scores!B91:AX91,Scores!B91:AX91>0),3),-1),-1)"),239.0) -> 239 | I88: =IFERROR(__xludf.DUMMYFUNCTION("IFERROR(COLUMNS(filter(Scores!B91:AE91,Scores!B91:AE91)),"""")"),34.0) -> 34 | J88: =COUNTIF(Scores!B91:AX91,B88) -> 1 | K88: =IFERROR(__xludf.DUMMYFUNCTION("""COMPUTED_VALUE"""),80.0) -> 80 | S88: 126 | T88: 54 | U88: 2446 | W88: 156 | X88: 118 | Y88: 2382 | AA88: 280 | AB88: 36 | AC88: 145
A89: =HYPERLINK("https://arcprize.org/play?task=3aa6fb7a", 81) -> 81 | B89: =IFERROR(__xludf.DUMMYFUNCTION("min(filter(Scores!B92:AX92,Scores!B92:AX92>0))"),81.0) -> 81 | C89: 2419 | D89: {=if(B89,if(countif(Scores!B92:AX92,B89)=1,concat("💎",XLOOKUP(B89,Scores!B92:AX92,Scores!B$1:AX$1)),concat("🥇 x",countif(Scores!B92:AX92,B89))),"")} -> 💎jailctf merger | E89: =if(countif(Scores!B92:AX92,B89)=1,F89,-1) -> 81 | F89: =if(B89,B89,-1) -> 81 | G89: =IFERROR(__xludf.DUMMYFUNCTION("if(iferror(small(filter(Scores!B92:AX92,Scores!B92:AX92>0),2),-1)<>F89,iferror(small(filter(Scores!B92:AX92,Scores!B92:AX92>0),2),-1),-1)"),83.0) -> 83 | H89: =IFERROR(__xludf.DUMMYFUNCTION("if(iferror(small(filter(Scores!B92:AX92,Scores!B92:AX92>0),3),-1)<>iferror(small(filter(Scores!B92:AX92,Scores!B92:AX92>0),2),-1),iferror(small(filter(Scores!B92:AX92,Scores!B92:AX92>0),3),-1),-1)"),90.0) -> 90 | I89: =IFERROR(__xludf.DUMMYFUNCTION("IFERROR(COLUMNS(filter(Scores!B92:AE92,Scores!B92:AE92)),"""")"),42.0) -> 42 | J89: =COUNTIF(Scores!B92:AX92,B89) -> 1 | K89: =IFERROR(__xludf.DUMMYFUNCTION("""COMPUTED_VALUE"""),81.0) -> 81 | S89: 236 | T89: 54 | U89: 2446 | W89: 131 | X89: 117 | Y89: 2383 | AA89: 379 | AB89: 36 | AC89: 135
A90: =HYPERLINK("https://arcprize.org/play?task=3ac3eb23", 82) -> 82 | B90: =IFERROR(__xludf.DUMMYFUNCTION("min(filter(Scores!B93:AX93,Scores!B93:AX93>0))"),50.0) -> 50 | C90: 2450 | D90: {=if(B90,if(countif(Scores!B93:AX93,B90)=1,concat("💎",XLOOKUP(B90,Scores!B93:AX93,Scores!B$1:AX$1)),concat("🥇 x",countif(Scores!B93:AX93,B90))),"")} -> 🥇 x20 | E90: =if(countif(Scores!B93:AX93,B90)=1,F90,-1) -> -1 | F90: =if(B90,B90,-1) -> 50 | G90: =IFERROR(__xludf.DUMMYFUNCTION("if(iferror(small(filter(Scores!B93:AX93,Scores!B93:AX93>0),2),-1)<>F90,iferror(small(filter(Scores!B93:AX93,Scores!B93:AX93>0),2),-1),-1)"),-1.0) -> -1 | H90: =IFERROR(__xludf.DUMMYFUNCTION("if(iferror(small(filter(Scores!B93:AX93,Scores!B93:AX93>0),3),-1)<>iferror(small(filter(Scores!B93:AX93,Scores!B93:AX93>0),2),-1),iferror(small(filter(Scores!B93:AX93,Scores!B93:AX93>0),3),-1),-1)"),-1.0) -> -1 | I90: =IFERROR(__xludf.DUMMYFUNCTION("IFERROR(COLUMNS(filter(Scores!B93:AE93,Scores!B93:AE93)),"""")"),46.0) -> 46 | J90: =COUNTIF(Scores!B93:AX93,B90) -> 20 | K90: =IFERROR(__xludf.DUMMYFUNCTION("""COMPUTED_VALUE"""),82.0) -> 82 | S90: 242 | T90: 54 | U90: 2446 | W90: 226 | X90: 117 | Y90: 2383 | AA90: 42 | AB90: 36 | AC90: 132
A91: =HYPERLINK("https://arcprize.org/play?task=3af2c5a8", 83) -> 83 | B91: =IFERROR(__xludf.DUMMYFUNCTION("min(filter(Scores!B94:AX94,Scores!B94:AX94>0))"),40.0) -> 40 | C91: 2460 | D91: {=if(B91,if(countif(Scores!B94:AX94,B91)=1,concat("💎",XLOOKUP(B91,Scores!B94:AX94,Scores!B$1:AX$1)),concat("🥇 x",countif(Scores!B94:AX94,B91))),"")} -> 🥇 x40 | E91: =if(countif(Scores!B94:AX94,B91)=1,F91,-1) -> -1 | F91: =if(B91,B91,-1) -> 40 | G91: =IFERROR(__xludf.DUMMYFUNCTION("if(iferror(small(filter(Scores!B94:AX94,Scores!B94:AX94>0),2),-1)<>F91,iferror(small(filter(Scores!B94:AX94,Scores!B94:AX94>0),2),-1),-1)"),-1.0) -> -1 | H91: =IFERROR(__xludf.DUMMYFUNCTION("if(iferror(small(filter(Scores!B94:AX94,Scores!B94:AX94>0),3),-1)<>iferror(small(filter(Scores!B94:AX94,Scores!B94:AX94>0),2),-1),iferror(small(filter(Scores!B94:AX94,Scores!B94:AX94>0),3),-1),-1)"),-1.0) -> -1 | I91: =IFERROR(__xludf.DUMMYFUNCTION("IFERROR(COLUMNS(filter(Scores!B94:AE94,Scores!B94:AE94)),"""")"),47.0) -> 47 | J91: =COUNTIF(Scores!B94:AX94,B91) -> 40 | K91: =IFERROR(__xludf.DUMMYFUNCTION("""COMPUTED_VALUE"""),83.0) -> 83 | S91: 295 | T91: 54 | U91: 2446 | W91: 34 | X91: 116 | Y91: 2384 | AA91: 102 | AB91: 36 | AC91: 124
A92: =HYPERLINK("https://arcprize.org/play?task=3bd67248", 84) -> 84 | B92: =IFERROR(__xludf.DUMMYFUNCTION("min(filter(Scores!B95:AX95,Scores!B95:AX95>0))"),62.0) -> 62 | C92: 2438 | D92: {=if(B92,if(countif(Scores!B95:AX95,B92)=1,concat("💎",XLOOKUP(B92,Scores!B95:AX95,Scores!B$1:AX$1)),concat("🥇 x",countif(Scores!B95:AX95,B92))),"")} -> 🥇 x9 | E92: =if(countif(Scores!B95:AX95,B92)=1,F92,-1) -> -1 | F92: =if(B92,B92,-1) -> 62 | G92: =IFERROR(__xludf.DUMMYFUNCTION("if(iferror(small(filter(Scores!B95:AX95,Scores!B95:AX95>0),2),-1)<>F92,iferror(small(filter(Scores!B95:AX95,Scores!B95:AX95>0),2),-1),-1)"),-1.0) -> -1 | H92: =IFERROR(__xludf.DUMMYFUNCTION("if(iferror(small(filter(Scores!B95:AX95,Scores!B95:AX95>0),3),-1)<>iferror(small(filter(Scores!B95:AX95,Scores!B95:AX95>0),2),-1),iferror(small(filter(Scores!B95:AX95,Scores!B95:AX95>0),3),-1),-1)"),-1.0) -> -1 | I92: =IFERROR(__xludf.DUMMYFUNCTION("IFERROR(COLUMNS(filter(Scores!B95:AE95,Scores!B95:AE95)),"""")"),44.0) -> 44 | J92: =COUNTIF(Scores!B95:AX95,B92) -> 9 | K92: =IFERROR(__xludf.DUMMYFUNCTION("""COMPUTED_VALUE"""),84.0) -> 84 | S92: 298 | T92: 54 | U92: 2446 | W92: 228 | X92: 116 | Y92: 2384 | AA92: 62 | AB92: 36 | AC92: 121
A93: =HYPERLINK("https://arcprize.org/play?task=3bdb4ada", 85) -> 85 | B93: =IFERROR(__xludf.DUMMYFUNCTION("min(filter(Scores!B96:AX96,Scores!B96:AX96>0))"),49.0) -> 49 | C93: 2451 | D93: {=if(B93,if(countif(Scores!B96:AX96,B93)=1,concat("💎",XLOOKUP(B93,Scores!B96:AX96,Scores!B$1:AX$1)),concat("🥇 x",countif(Scores!B96:AX96,B93))),"")} -> 🥇 x4 | E93: =if(countif(Scores!B96:AX96,B93)=1,F93,-1) -> -1 | F93: =if(B93,B93,-1) -> 49 | G93: =IFERROR(__xludf.DUMMYFUNCTION("if(iferror(small(filter(Scores!B96:AX96,Scores!B96:AX96>0),2),-1)<>F93,iferror(small(filter(Scores!B96:AX96,Scores!B96:AX96>0),2),-1),-1)"),-1.0) -> -1 | H93: =IFERROR(__xludf.DUMMYFUNCTION("if(iferror(small(filter(Scores!B96:AX96,Scores!B96:AX96>0),3),-1)<>iferror(small(filter(Scores!B96:AX96,Scores!B96:AX96>0),2),-1),iferror(small(filter(Scores!B96:AX96,Scores!B96:AX96>0),3),-1),-1)"),-1.0) -> -1 | I93: =IFERROR(__xludf.DUMMYFUNCTION("IFERROR(COLUMNS(filter(Scores!B96:AE96,Scores!B96:AE96)),"""")"),43.0) -> 43 | J93: =COUNTIF(Scores!B96:AX96,B93) -> 4 | K93: =IFERROR(__xludf.DUMMYFUNCTION("""COMPUTED_VALUE"""),85.0) -> 85 | S93: 299 | T93: 54 | U93: 2446 | W93: 117 | X93: 115 | Y93: 2385 | AA93: 165 | AB93: 36 | AC93: 112
A94: =HYPERLINK("https://arcprize.org/play?task=3befdf3e", 86) -> 86 | B94: =IFERROR(__xludf.DUMMYFUNCTION("min(filter(Scores!B97:AX97,Scores!B97:AX97>0))"),151.0) -> 151 | C94: 2349 | D94: {=if(B94,if(countif(Scores!B97:AX97,B94)=1,concat("💎",XLOOKUP(B94,Scores!B97:AX97,Scores!B$1:AX$1)),concat("🥇 x",countif(Scores!B97:AX97,B94))),"")} -> 💎ox jam | E94: =if(countif(Scores!B97:AX97,B94)=1,F94,-1) -> 151 | F94: =if(B94,B94,-1) -> 151 | G94: =IFERROR(__xludf.DUMMYFUNCTION("if(iferror(small(filter(Scores!B97:AX97,Scores!B97:AX97>0),2),-1)<>F94,iferror(small(filter(Scores!B97:AX97,Scores!B97:AX97>0),2),-1),-1)"),154.0) -> 154 | H94: =IFERROR(__xludf.DUMMYFUNCTION("if(iferror(small(filter(Scores!B97:AX97,Scores!B97:AX97>0),3),-1)<>iferror(small(filter(Scores!B97:AX97,Scores!B97:AX97>0),2),-1),iferror(small(filter(Scores!B97:AX97,Scores!B97:AX97>0),3),-1),-1)"),166.0) -> 166 | I94: =IFERROR(__xludf.DUMMYFUNCTION("IFERROR(COLUMNS(filter(Scores!B97:AE97,Scores!B97:AE97)),"""")"),33.0) -> 33 | J94: =COUNTIF(Scores!B97:AX97,B94) -> 1 | K94: =IFERROR(__xludf.DUMMYFUNCTION("""COMPUTED_VALUE"""),86.0) -> 86 | S94: 318 | T94: 54 | U94: 2446 | W94: 270 | X94: 115 | Y94: 2385 | AA94: 340 | AB94: 36 | AC94: 111
A95: =HYPERLINK("https://arcprize.org/play?task=3c9b0459", 87) -> 87 | B95: =IFERROR(__xludf.DUMMYFUNCTION("min(filter(Scores!B98:AX98,Scores!B98:AX98>0))"),36.0) -> 36 | C95: 2464 | D95: {=if(B95,if(countif(Scores!B98:AX98,B95)=1,concat("💎",XLOOKUP(B95,Scores!B98:AX98,Scores!B$1:AX$1)),concat("🥇 x",countif(Scores!B98:AX98,B95))),"")} -> 🥇 x44 | E95: =if(countif(Scores!B98:AX98,B95)=1,F95,-1) -> -1 | F95: =if(B95,B95,-1) -> 36 | G95: =IFERROR(__xludf.DUMMYFUNCTION("if(iferror(small(filter(Scores!B98:AX98,Scores!B98:AX98>0),2),-1)<>F95,iferror(small(filter(Scores!B98:AX98,Scores!B98:AX98>0),2),-1),-1)"),-1.0) -> -1 | H95: =IFERROR(__xludf.DUMMYFUNCTION("if(iferror(small(filter(Scores!B98:AX98,Scores!B98:AX98>0),3),-1)<>iferror(small(filter(Scores!B98:AX98,Scores!B98:AX98>0),2),-1),iferror(small(filter(Scores!B98:AX98,Scores!B98:AX98>0),3),-1),-1)"),-1.0) -> -1 | I95: =IFERROR(__xludf.DUMMYFUNCTION("IFERROR(COLUMNS(filter(Scores!B98:AE98,Scores!B98:AE98)),"""")"),46.0) -> 46 | J95: =COUNTIF(Scores!B98:AX98,B95) -> 44 | K95: =IFERROR(__xludf.DUMMYFUNCTION("""COMPUTED_VALUE"""),87.0) -> 87 | S95: 321 | T95: 54 | U95: 2446 | W95: 11 | X95: 114 | Y95: 2386 | AA95: 330 | AB95: 36 | AC95: 110
A96: =HYPERLINK("https://arcprize.org/play?task=3de23699", 88) -> 88 | B96: =IFERROR(__xludf.DUMMYFUNCTION("min(filter(Scores!B99:AX99,Scores!B99:AX99>0))"),95.0) -> 95 | C96: 2405 | D96: {=if(B96,if(countif(Scores!B99:AX99,B96)=1,concat("💎",XLOOKUP(B96,Scores!B99:AX99,Scores!B$1:AX$1)),concat("🥇 x",countif(Scores!B99:AX99,B96))),"")} -> 💎jailctf merger | E96: =if(countif(Scores!B99:AX99,B96)=1,F96,-1) -> 95 | F96: =if(B96,B96,-1) -> 95 | G96: =IFERROR(__xludf.DUMMYFUNCTION("if(iferror(small(filter(Scores!B99:AX99,Scores!B99:AX99>0),2),-1)<>F96,iferror(small(filter(Scores!B99:AX99,Scores!B99:AX99>0),2),-1),-1)"),98.0) -> 98 | H96: =IFERROR(__xludf.DUMMYFUNCTION("if(iferror(small(filter(Scores!B99:AX99,Scores!B99:AX99>0),3),-1)<>iferror(small(filter(Scores!B99:AX99,Scores!B99:AX99>0),2),-1),iferror(small(filter(Scores!B99:AX99,Scores!B99:AX99>0),3),-1),-1)"),100.0) -> 100 | I96: =IFERROR(__xludf.DUMMYFUNCTION("IFERROR(COLUMNS(filter(Scores!B99:AE99,Scores!B99:AE99)),"""")"),40.0) -> 40 | J96: =COUNTIF(Scores!B99:AX99,B96) -> 1 | K96: =IFERROR(__xludf.DUMMYFUNCTION("""COMPUTED_VALUE"""),88.0) -> 88 | S96: 329 | T96: 54 | U96: 2446 | W96: 224 | X96: 114 | Y96: 2386 | AA96: 169 | AB96: 36 | AC96: 108
A97: =HYPERLINK("https://arcprize.org/play?task=3e980e27", 89) -> 89 | B97: =IFERROR(__xludf.DUMMYFUNCTION("min(filter(Scores!B100:AX100,Scores!B100:AX100>0))"),232.0) -> 232 | C97: 2268 | D97: {=if(B97,if(countif(Scores!B100:AX100,B97)=1,concat("💎",XLOOKUP(B97,Scores!B100:AX100,Scores!B$1:AX$1)),concat("🥇 x",countif(Scores!B100:AX100,B97))),"")} -> 💎ox jam | E97: =if(countif(Scores!B100:AX100,B97)=1,F97,-1) -> 232 | F97: =if(B97,B97,-1) -> 232 | G97: =IFERROR(__xludf.DUMMYFUNCTION("if(iferror(small(filter(Scores!B100:AX100,Scores!B100:AX100>0),2),-1)<>F97,iferror(small(filter(Scores!B100:AX100,Scores!B100:AX100>0),2),-1),-1)"),233.0) -> 233 | H97: =IFERROR(__xludf.DUMMYFUNCTION("if(iferror(small(filter(Scores!B100:AX100,Scores!B100:AX100>0),3),-1)<>iferror(small(filter(Scores!B100:AX100,Scores!B100:AX100>0),2),-1),iferror(small(filter(Scores!B100:AX100,Scores!B100:AX100>0),3),-1),-1)"),-1.0) -> -1 | I97: =IFERROR(__xludf.DUMMYFUNCTION("IFERROR(COLUMNS(filter(Scores!B100:AE100,Scores!B100:AE100)),"""")"),34.0) -> 34 | J97: =COUNTIF(Scores!B100:AX100,B97) -> 1 | K97: =IFERROR(__xludf.DUMMYFUNCTION("""COMPUTED_VALUE"""),89.0) -> 89 | S97: 47 | T97: 55 | U97: 2445 | W97: 253 | X97: 114 | Y97: 2386 | AA97: 341 | AB97: 36 | AC97: 108
A98: =HYPERLINK("https://arcprize.org/play?task=3eda0437", 90) -> 90 | B98: =IFERROR(__xludf.DUMMYFUNCTION("min(filter(Scores!B101:AX101,Scores!B101:AX101>0))"),147.0) -> 147 | C98: 2353 | D98: {=if(B98,if(countif(Scores!B101:AX101,B98)=1,concat("💎",XLOOKUP(B98,Scores!B101:AX101,Scores!B$1:AX$1)),concat("🥇 x",countif(Scores!B101:AX101,B98))),"")} -> 💎Code Golf International | E98: =if(countif(Scores!B101:AX101,B98)=1,F98,-1) -> 147 | F98: =if(B98,B98,-1) -> 147 | G98: =IFERROR(__xludf.DUMMYFUNCTION("if(iferror(small(filter(Scores!B101:AX101,Scores!B101:AX101>0),2),-1)<>F98,iferror(small(filter(Scores!B101:AX101,Scores!B101:AX101>0),2),-1),-1)"),153.0) -> 153 | H98: =IFERROR(__xludf.DUMMYFUNCTION("if(iferror(small(filter(Scores!B101:AX101,Scores!B101:AX101>0),3),-1)<>iferror(small(filter(Scores!B101:AX101,Scores!B101:AX101>0),2),-1),iferror(small(filter(Scores!B101:AX101,Scores!B101:AX101>0),3),-1),-1)"),158.0) -> 158 | I98: =IFERROR(__xludf.DUMMYFUNCTION("IFERROR(COLUMNS(filter(Scores!B101:AE101,Scores!B101:AE101)),"""")"),35.0) -> 35 | J98: =COUNTIF(Scores!B101:AX101,B98) -> 1 | K98: =IFERROR(__xludf.DUMMYFUNCTION("""COMPUTED_VALUE"""),90.0) -> 90 | S98: 106 | T98: 55 | U98: 2445 | W98: 165 | X98: 112 | Y98: 2388 | AA98: 286 | AB98: 36 | AC98: 104
A99: =HYPERLINK("https://arcprize.org/play?task=3f7978a0", 91) -> 91 | B99: =IFERROR(__xludf.DUMMYFUNCTION("min(filter(Scores!B102:AX102,Scores!B102:AX102>0))"),62.0) -> 62 | C99: 2438 | D99: {=if(B99,if(countif(Scores!B102:AX102,B99)=1,concat("💎",XLOOKUP(B99,Scores!B102:AX102,Scores!B$1:AX$1)),concat("🥇 x",countif(Scores!B102:AX102,B99))),"")} -> 🥇 x3 | E99: =if(countif(Scores!B102:AX102,B99)=1,F99,-1) -> -1 | F99: =if(B99,B99,-1) -> 62 | G99: =IFERROR(__xludf.DUMMYFUNCTION("if(iferror(small(filter(Scores!B102:AX102,Scores!B102:AX102>0),2),-1)<>F99,iferror(small(filter(Scores!B102:AX102,Scores!B102:AX102>0),2),-1),-1)"),-1.0) -> -1 | H99: =IFERROR(__xludf.DUMMYFUNCTION("if(iferror(small(filter(Scores!B102:AX102,Scores!B102:AX102>0),3),-1)<>iferror(small(filter(Scores!B102:AX102,Scores!B102:AX102>0),2),-1),iferror(small(filter(Scores!B102:AX102,Scores!B102:AX102>0),3),-1),-1)"),-1.0) -> -1 | I99: =IFERROR(__xludf.DUMMYFUNCTION("IFERROR(COLUMNS(filter(Scores!B102:AE102,Scores!B102:AE102)),"""")"),40.0) -> 40 | J99: =COUNTIF(Scores!B102:AX102,B99) -> 3 | K99: =IFERROR(__xludf.DUMMYFUNCTION("""COMPUTED_VALUE"""),91.0) -> 91 | S99: 194 | T99: 55 | U99: 2445 | W99: 51 | X99: 111 | Y99: 2389 | AA99: 374 | AB99: 36 | AC99: 103
A100: =HYPERLINK("https://arcprize.org/play?task=40853293", 92) -> 92 | B100: =IFERROR(__xludf.DUMMYFUNCTION("min(filter(Scores!B103:AX103,Scores!B103:AX103>0))"),86.0) -> 86 | C100: 2414 | D100: {=if(B100,if(countif(Scores!B103:AX103,B100)=1,concat("💎",XLOOKUP(B100,Scores!B103:AX103,Scores!B$1:AX$1)),concat("🥇 x",countif(Scores!B103:AX103,B100))),"")} -> 🥇 x2 | E100: =if(countif(Scores!B103:AX103,B100)=1,F100,-1) -> -1 | F100: =if(B100,B100,-1) -> 86 | G100: =IFERROR(__xludf.DUMMYFUNCTION("if(iferror(small(filter(Scores!B103:AX103,Scores!B103:AX103>0),2),-1)<>F100,iferror(small(filter(Scores!B103:AX103,Scores!B103:AX103>0),2),-1),-1)"),-1.0) -> -1 | H100: =IFERROR(__xludf.DUMMYFUNCTION("if(iferror(small(filter(Scores!B103:AX103,Scores!B103:AX103>0),3),-1)<>iferror(small(filter(Scores!B103:AX103,Scores!B103:AX103>0),2),-1),iferror(small(filter(Scores!B103:AX103,Scores!B103:AX103>0),3),-1),-1)"),87.0) -> 87 | I100: =IFERROR(__xludf.DUMMYFUNCTION("IFERROR(COLUMNS(filter(Scores!B103:AE103,Scores!B103:AE103)),"""")"),39.0) -> 39 | J100: =COUNTIF(Scores!B103:AX103,B100) -> 2 | K100: =IFERROR(__xludf.DUMMYFUNCTION("""COMPUTED_VALUE"""),92.0) -> 92 | S100: 296 | T100: 55 | U100: 2445 | W100: 216 | X100: 111 | Y100: 2389 | AA100: 160 | AB100: 36 | AC100: 100
A101: =HYPERLINK("https://arcprize.org/play?task=4093f84a", 93) -> 93 | B101: =IFERROR(__xludf.DUMMYFUNCTION("min(filter(Scores!B104:AX104,Scores!B104:AX104>0))"),98.0) -> 98 | C101: 2402 | D101: {=if(B101,if(countif(Scores!B104:AX104,B101)=1,concat("💎",XLOOKUP(B101,Scores!B104:AX104,Scores!B$1:AX$1)),concat("🥇 x",countif(Scores!B104:AX104,B101))),"")} -> 🥇 x3 | E101: =if(countif(Scores!B104:AX104,B101)=1,F101,-1) -> -1 | F101: =if(B101,B101,-1) -> 98 | G101: =IFERROR(__xludf.DUMMYFUNCTION("if(iferror(small(filter(Scores!B104:AX104,Scores!B104:AX104>0),2),-1)<>F101,iferror(small(filter(Scores!B104:AX104,Scores!B104:AX104>0),2),-1),-1)"),-1.0) -> -1 | H101: =IFERROR(__xludf.DUMMYFUNCTION("if(iferror(small(filter(Scores!B104:AX104,Scores!B104:AX104>0),3),-1)<>iferror(small(filter(Scores!B104:AX104,Scores!B104:AX104>0),2),-1),iferror(small(filter(Scores!B104:AX104,Scores!B104:AX104>0),3),-1),-1)"),-1.0) -> -1 | I101: =IFERROR(__xludf.DUMMYFUNCTION("IFERROR(COLUMNS(filter(Scores!B104:AE104,Scores!B104:AE104)),"""")"),36.0) -> 36 | J101: =COUNTIF(Scores!B104:AX104,B101) -> 3 | K101: =IFERROR(__xludf.DUMMYFUNCTION("""COMPUTED_VALUE"""),93.0) -> 93 | S101: 377 | T101: 55 | U101: 2445 | W101: 340 | X101: 111 | Y101: 2389 | AA101: 93 | AB101: 36 | AC101: 98
...

Sheet Ranking (Medals)
B1: =Scores!B1 -> Code Golf International | C1: =Scores!C1 -> rucin93 | D1: =Scores!D1 -> ox jam | E1: =Scores!E1 -> open source | F1: =Scores!F1 -> jailctf merger | G1: =Scores!G1 -> Rafael Pooja | H1: =Scores!H1 -> HETHAT | I1: =Scores!I1 -> duckyluuk | ... AX1: =Scores!AX1 -> santa2024
B2: =sumproduct(Scores!B$12:B$411=Compilation!$E9:$E408) -> 83 | C2: =sumproduct(Scores!C$12:C$411=Compilation!$E9:$E408) -> 0 | D2: =sumproduct(Scores!D$12:D$411=Compilation!$E9:$E408) -> 71 | E2: =sumproduct(Scores!E$12:E$411=Compilation!$E9:$E408) -> 0 | F2: =sumproduct(Scores!F$12:F$411=Compilation!$E9:$E408) -> 55 | G2: =sumproduct(Scores!G$12:G$411=Compilation!$E9:$E408) -> 0 | H2: =sumproduct(Scores!H$12:H$411=Compilation!$E9:$E408) -> 0 | I2: =sumproduct(Scores!I$12:I$411=Compilation!$E9:$E408) -> 0 | ... AX2: =sumproduct(Scores!AX$12:AX$411=Compilation!$E9:$E408) -> 0
B3: =sumproduct(Scores!B$12:B$411=Compilation!$F9:$F408) -> 231 | C3: =sumproduct(Scores!C$12:C$411=Compilation!$F9:$F408) -> 18 | D3: =sumproduct(Scores!D$12:D$411=Compilation!$F9:$F408) -> 197 | E3: =sumproduct(Scores!E$12:E$411=Compilation!$F9:$F408) -> 18 | F3: =sumproduct(Scores!F$12:F$411=Compilation!$F9:$F408) -> 193 | G3: =sumproduct(Scores!G$12:G$411=Compilation!$F9:$F408) -> 27 | H3: =sumproduct(Scores!H$12:H$411=Compilation!$F9:$F408) -> 37 | I3: =sumproduct(Scores!I$12:I$411=Compilation!$F9:$F408) -> 24 | ... AX3: =sumproduct(Scores!AX$12:AX$411=Compilation!$F9:$F408) -> 53
B4: =sumproduct(Scores!B$12:B$411=Compilation!$G9:$G408) -> 82 | C4: =sumproduct(Scores!C$12:C$411=Compilation!$G9:$G408) -> 0 | D4: =sumproduct(Scores!D$12:D$411=Compilation!$G9:$G408) -> 83 | E4: =sumproduct(Scores!E$12:E$411=Compilation!$G9:$G408) -> 0 | F4: =sumproduct(Scores!F$12:F$411=Compilation!$G9:$G408) -> 99 | G4: =sumproduct(Scores!G$12:G$411=Compilation!$G9:$G408) -> 3 | H4: =sumproduct(Scores!H$12:H$411=Compilation!$G9:$G408) -> 4 | I4: =sumproduct(Scores!I$12:I$411=Compilation!$G9:$G408) -> 5 | ... AX4: =sumproduct(Scores!AX$12:AX$411=Compilation!$G9:$G408) -> 9
B5: =sumproduct(Scores!B$12:B$411=Compilation!$H9:$H408) -> 52 | C5: =sumproduct(Scores!C$12:C$411=Compilation!$H9:$H408) -> 0 | D5: =sumproduct(Scores!D$12:D$411=Compilation!$H9:$H408) -> 52 | E5: =sumproduct(Scores!E$12:E$411=Compilation!$H9:$H408) -> 0 | F5: =sumproduct(Scores!F$12:F$411=Compilation!$H9:$H408) -> 67 | G5: =sumproduct(Scores!G$12:G$411=Compilation!$H9:$H408) -> 0 | H5: =sumproduct(Scores!H$12:H$411=Compilation!$H9:$H408) -> 1 | I5: =sumproduct(Scores!I$12:I$411=Compilation!$H9:$H408) -> 0 | ... AX5: =sumproduct(Scores!AX$12:AX$411=Compilation!$H9:$H408) -> 5
B10: RANKING | C10: NAME | D10: 💎 | E10: 🥇 | F10: 🥈 | G10: 🥉
A11: 1 | B11: =IF(OR(ISBLANK(E11), ISBLANK(E10)), "", IF(and(E11=E10,F11=F10,G11=G10), B10, A11)) -> 1 | C11: =IFERROR(__xludf.DUMMYFUNCTION("SORT(TRANSPOSE(FILTER(B1:AX5, BYCOL(B1:AX5, LAMBDA(col, COUNTIF(col, ""<>0"") > 0)))), 3, FALSE,4,false,5,false)"),"Code Golf International") -> Code Golf International | D11: =IFERROR(__xludf.DUMMYFUNCTION("""COMPUTED_VALUE"""),83.0) -> 83 | E11: =IFERROR(__xludf.DUMMYFUNCTION("""COMPUTED_VALUE"""),231.0) -> 231 | F11: =IFERROR(__xludf.DUMMYFUNCTION("""COMPUTED_VALUE"""),82.0) -> 82 | G11: =IFERROR(__xludf.DUMMYFUNCTION("""COMPUTED_VALUE"""),52.0) -> 52
A12: =A11+1 -> 2 | B12: =IF(OR(ISBLANK(E12), ISBLANK(E11)), "", IF(and(E12=E11,F12=F11,G12=G11), B11, A12)) -> 2 | C12: =IFERROR(__xludf.DUMMYFUNCTION("""COMPUTED_VALUE"""),"ox jam") -> ox jam | D12: =IFERROR(__xludf.DUMMYFUNCTION("""COMPUTED_VALUE"""),71.0) -> 71 | E12: =IFERROR(__xludf.DUMMYFUNCTION("""COMPUTED_VALUE"""),197.0) -> 197 | F12: =IFERROR(__xludf.DUMMYFUNCTION("""COMPUTED_VALUE"""),83.0) -> 83 | G12: =IFERROR(__xludf.DUMMYFUNCTION("""COMPUTED_VALUE"""),52.0) -> 52
A13: =A12+1 -> 3 | B13: =IF(OR(ISBLANK(E13), ISBLANK(E12)), "", IF(and(E13=E12,F13=F12,G13=G12), B12, A13)) -> 3 | C13: =IFERROR(__xludf.DUMMYFUNCTION("""COMPUTED_VALUE"""),"jailctf merger") -> jailctf merger | D13: =IFERROR(__xludf.DUMMYFUNCTION("""COMPUTED_VALUE"""),55.0) -> 55 | E13: =IFERROR(__xludf.DUMMYFUNCTION("""COMPUTED_VALUE"""),193.0) -> 193 | F13: =IFERROR(__xludf.DUMMYFUNCTION("""COMPUTED_VALUE"""),99.0) -> 99 | G13: =IFERROR(__xludf.DUMMYFUNCTION("""COMPUTED_VALUE"""),67.0) -> 67
A14: =A13+1 -> 4 | B14: =IF(OR(ISBLANK(E14), ISBLANK(E13)), "", IF(and(E14=E13,F14=F13,G14=G13), B13, A14)) -> 4 | C14: =IFERROR(__xludf.DUMMYFUNCTION("""COMPUTED_VALUE"""),"lv1.dev") -> lv1.dev | D14: =IFERROR(__xludf.DUMMYFUNCTION("""COMPUTED_VALUE"""),3.0) -> 3 | E14: =IFERROR(__xludf.DUMMYFUNCTION("""COMPUTED_VALUE"""),96.0) -> 96 | F14: =IFERROR(__xludf.DUMMYFUNCTION("""COMPUTED_VALUE"""),26.0) -> 26 | G14: =IFERROR(__xludf.DUMMYFUNCTION("""COMPUTED_VALUE"""),13.0) -> 13
A15: =A14+1 -> 5 | B15: =IF(OR(ISBLANK(E15), ISBLANK(E14)), "", IF(and(E15=E14,F15=F14,G15=G14), B14, A15)) -> 5 | C15: =IFERROR(__xludf.DUMMYFUNCTION("""COMPUTED_VALUE"""),"LogicLynx") -> LogicLynx | D15: =IFERROR(__xludf.DUMMYFUNCTION("""COMPUTED_VALUE"""),10.0) -> 10 | E15: =IFERROR(__xludf.DUMMYFUNCTION("""COMPUTED_VALUE"""),90.0) -> 90 | F15: =IFERROR(__xludf.DUMMYFUNCTION("""COMPUTED_VALUE"""),31.0) -> 31 | G15: =IFERROR(__xludf.DUMMYFUNCTION("""COMPUTED_VALUE"""),19.0) -> 19
A16: =A15+1 -> 6 | B16: =IF(OR(ISBLANK(E16), ISBLANK(E15)), "", IF(and(E16=E15,F16=F15,G16=G15), B15, A16)) -> 6 | C16: =IFERROR(__xludf.DUMMYFUNCTION("""COMPUTED_VALUE"""),"FuunAgent") -> FuunAgent | D16: =IFERROR(__xludf.DUMMYFUNCTION("""COMPUTED_VALUE"""),3.0) -> 3 | E16: =IFERROR(__xludf.DUMMYFUNCTION("""COMPUTED_VALUE"""),76.0) -> 76 | F16: =IFERROR(__xludf.DUMMYFUNCTION("""COMPUTED_VALUE"""),23.0) -> 23 | G16: =IFERROR(__xludf.DUMMYFUNCTION("""COMPUTED_VALUE"""),13.0) -> 13
A17: =A16+1 -> 7 | B17: =IF(OR(ISBLANK(E17), ISBLANK(E16)), "", IF(and(E17=E16,F17=F16,G17=G16), B16, A17)) -> 7 | C17: =IFERROR(__xludf.DUMMYFUNCTION("""COMPUTED_VALUE"""),"import itertools") -> import itertools | D17: =IFERROR(__xludf.DUMMYFUNCTION("""COMPUTED_VALUE"""),1.0) -> 1 | E17: =IFERROR(__xludf.DUMMYFUNCTION("""COMPUTED_VALUE"""),74.0) -> 74 | F17: =IFERROR(__xludf.DUMMYFUNCTION("""COMPUTED_VALUE"""),12.0) -> 12 | G17: =IFERROR(__xludf.DUMMYFUNCTION("""COMPUTED_VALUE"""),7.0) -> 7
A18: =A17+1 -> 8 | B18: =IF(OR(ISBLANK(E18), ISBLANK(E17)), "", IF(and(E18=E17,F18=F17,G18=G17), B17, A18)) -> 8 | C18: =IFERROR(__xludf.DUMMYFUNCTION("""COMPUTED_VALUE"""),"intgrah jimboko awu macaque sammyuri") -> intgrah jimboko awu macaque sammyuri | D18: =IFERROR(__xludf.DUMMYFUNCTION("""COMPUTED_VALUE"""),1.0) -> 1 | E18: =IFERROR(__xludf.DUMMYFUNCTION("""COMPUTED_VALUE"""),69.0) -> 69 | F18: =IFERROR(__xludf.DUMMYFUNCTION("""COMPUTED_VALUE"""),23.0) -> 23 | G18: =IFERROR(__xludf.DUMMYFUNCTION("""COMPUTED_VALUE"""),17.0) -> 17
A19: =A18+1 -> 9 | B19: =IF(OR(ISBLANK(E19), ISBLANK(E18)), "", IF(and(E19=E18,F19=F18,G19=G18), B18, A19)) -> 9 | C19: =IFERROR(__xludf.DUMMYFUNCTION("""COMPUTED_VALUE"""),"ﾀｲｽｹﾝｻﾝﾊﾞII") -> ﾀｲｽｹﾝｻﾝﾊﾞII | D19: =IFERROR(__xludf.DUMMYFUNCTION("""COMPUTED_VALUE"""),0.0) -> 0 | E19: =IFERROR(__xludf.DUMMYFUNCTION("""COMPUTED_VALUE"""),61.0) -> 61 | F19: =IFERROR(__xludf.DUMMYFUNCTION("""COMPUTED_VALUE"""),10.0) -> 10 | G19: =IFERROR(__xludf.DUMMYFUNCTION("""COMPUTED_VALUE"""),4.0) -> 4
A20: =A19+1 -> 10 | B20: =IF(OR(ISBLANK(E20), ISBLANK(E19)), "", IF(and(E20=E19,F20=F19,G20=G19), B19, A20)) -> 10 | C20: =IFERROR(__xludf.DUMMYFUNCTION("""COMPUTED_VALUE"""),"biz") -> biz | D20: =IFERROR(__xludf.DUMMYFUNCTION("""COMPUTED_VALUE"""),2.0) -> 2 | E20: =IFERROR(__xludf.DUMMYFUNCTION("""COMPUTED_VALUE"""),59.0) -> 59 | F20: =IFERROR(__xludf.DUMMYFUNCTION("""COMPUTED_VALUE"""),12.0) -> 12 | G20: =IFERROR(__xludf.DUMMYFUNCTION("""COMPUTED_VALUE"""),12.0) -> 12
A21: =A20+1 -> 11 | B21: =IF(OR(ISBLANK(E21), ISBLANK(E20)), "", IF(and(E21=E20,F21=F20,G21=G20), B20, A21)) -> 11 | C21: =IFERROR(__xludf.DUMMYFUNCTION("""COMPUTED_VALUE"""),"HIMAGINE THE FUTURE.") -> HIMAGINE THE FUTURE. | D21: =IFERROR(__xludf.DUMMYFUNCTION("""COMPUTED_VALUE"""),0.0) -> 0 | E21: =IFERROR(__xludf.DUMMYFUNCTION("""COMPUTED_VALUE"""),58.0) -> 58 | F21: =IFERROR(__xludf.DUMMYFUNCTION("""COMPUTED_VALUE"""),15.0) -> 15 | G21: =IFERROR(__xludf.DUMMYFUNCTION("""COMPUTED_VALUE"""),10.0) -> 10
A22: =A21+1 -> 12 | B22: =IF(OR(ISBLANK(E22), ISBLANK(E21)), "", IF(and(E22=E21,F22=F21,G22=G21), B21, A22)) -> 12 | C22: =IFERROR(__xludf.DUMMYFUNCTION("""COMPUTED_VALUE"""),"ALE-Agent") -> ALE-Agent | D22: =IFERROR(__xludf.DUMMYFUNCTION("""COMPUTED_VALUE"""),0.0) -> 0 | E22: =IFERROR(__xludf.DUMMYFUNCTION("""COMPUTED_VALUE"""),58.0) -> 58 | F22: =IFERROR(__xludf.DUMMYFUNCTION("""COMPUTED_VALUE"""),9.0) -> 9 | G22: =IFERROR(__xludf.DUMMYFUNCTION("""COMPUTED_VALUE"""),5.0) -> 5
A23: =A22+1 -> 13 | B23: =IF(OR(ISBLANK(E23), ISBLANK(E22)), "", IF(and(E23=E22,F23=F22,G23=G22), B22, A23)) -> 13 | C23: =IFERROR(__xludf.DUMMYFUNCTION("""COMPUTED_VALUE"""),"santa2024") -> santa2024 | D23: =IFERROR(__xludf.DUMMYFUNCTION("""COMPUTED_VALUE"""),0.0) -> 0 | E23: =IFERROR(__xludf.DUMMYFUNCTION("""COMPUTED_VALUE"""),53.0) -> 53 | F23: =IFERROR(__xludf.DUMMYFUNCTION("""COMPUTED_VALUE"""),9.0) -> 9 | G23: =IFERROR(__xludf.DUMMYFUNCTION("""COMPUTED_VALUE"""),5.0) -> 5
A24: =A23+1 -> 14 | B24: =IF(OR(ISBLANK(E24), ISBLANK(E23)), "", IF(and(E24=E23,F24=F23,G24=G23), B23, A24)) -> 14 | C24: =IFERROR(__xludf.DUMMYFUNCTION("""COMPUTED_VALUE"""),"JRKKX") -> JRKKX | D24: =IFERROR(__xludf.DUMMYFUNCTION("""COMPUTED_VALUE"""),0.0) -> 0 | E24: =IFERROR(__xludf.DUMMYFUNCTION("""COMPUTED_VALUE"""),39.0) -> 39 | F24: =IFERROR(__xludf.DUMMYFUNCTION("""COMPUTED_VALUE"""),5.0) -> 5 | G24: =IFERROR(__xludf.DUMMYFUNCTION("""COMPUTED_VALUE"""),0.0) -> 0
A25: =A24+1 -> 15 | B25: =IF(OR(ISBLANK(E25), ISBLANK(E24)), "", IF(and(E25=E24,F25=F24,G25=G24), B24, A25)) -> 15 | C25: =IFERROR(__xludf.DUMMYFUNCTION("""COMPUTED_VALUE"""),"HETHAT") -> HETHAT | D25: =IFERROR(__xludf.DUMMYFUNCTION("""COMPUTED_VALUE"""),0.0) -> 0 | E25: =IFERROR(__xludf.DUMMYFUNCTION("""COMPUTED_VALUE"""),37.0) -> 37 | F25: =IFERROR(__xludf.DUMMYFUNCTION("""COMPUTED_VALUE"""),4.0) -> 4 | G25: =IFERROR(__xludf.DUMMYFUNCTION("""COMPUTED_VALUE"""),1.0) -> 1
A26: =A25+1 -> 16 | B26: =IF(OR(ISBLANK(E26), ISBLANK(E25)), "", IF(and(E26=E25,F26=F25,G26=G25), B25, A26)) -> 16 | C26: =IFERROR(__xludf.DUMMYFUNCTION("""COMPUTED_VALUE"""),"ShadowPrompt Labs") -> ShadowPrompt Labs | D26: =IFERROR(__xludf.DUMMYFUNCTION("""COMPUTED_VALUE"""),0.0) -> 0 | E26: =IFERROR(__xludf.DUMMYFUNCTION("""COMPUTED_VALUE"""),36.0) -> 36 | F26: =IFERROR(__xludf.DUMMYFUNCTION("""COMPUTED_VALUE"""),4.0) -> 4 | G26: =IFERROR(__xludf.DUMMYFUNCTION("""COMPUTED_VALUE"""),0.0) -> 0
